Accuracy,Subject,Item,PitchAccent,SemanticFit,TransitivityBias
1,S01,Awakened,1,-0.2963122078757994,-1.220090065504682
1,S01,Calmed,1,0.09877073595859992,-0.4102331814450526
1,S01,Choked,1,1.2840195674617974,-1.4284905425318792
1,S01,Dressed,-1,-0.592624415751599,-1.208722766757744
1,S01,Failed,-1,-0.9877073595859984,0.1098838878870676
1,S01,Groomed,-1,-1.086478095544598,0.9889549909836086
1,S01,Healed,-1,0.0987707359585998,-0.3713317590666424
1,S01,Hides,-1,0.6913951517101986,-0.1591421824571324
1,S01,Improved,1,0.09877073595859984,0.8204663628901052
1,S01,Lifts,-1,1.679102511296197,1.3332578396964208
1,S01,Lost,-1,-0.3950829438343993,1.007900488895172
1,S01,Missed,1,1.4815610393789973,1.3186066546448116
1,S01,Moved,1,1.4815610393789975,-1.3332578396964208
1,S01,Recovered,1,-2.0741854551305963,-0.7691872152094734
1,S01,Rolled,1,-1.7778732472547971,0.21976777577413517
1,S01,Rushed,1,0.39508294383439946,-0.968606122856374
1,S01,Smelled,1,1.382790303420398,0.1098838878870676
1,S01,Spun,-1,0.9877073595859982,-0.4774265473713972
1,S01,Stopped,-1,0,-1.5383744304189468
1,S01,Trained,1,-0.8889366236273982,-0.3550094839428338
1,S01,Tripped,-1,0.592624415751599,-1.5383744304189468
0,S01,Washed,1,0.49385367979299927,1.2087227667577445
1,S01,Weakens,-1,-0.8889366236273984,0.1591421824571324
1,S01,Worried,-1,0.19754147191719965,-1.5383744304189468
1,S02,Awakened,-1,-0.2963122078757994,-1.220090065504682
1,S02,Calmed,-1,0.09877073595859992,-0.4102331814450526
1,S02,Choked,-1,1.2840195674617974,-1.4284905425318792
1,S02,Dressed,1,-0.592624415751599,-1.208722766757744
1,S02,Failed,1,-0.9877073595859984,0.1098838878870676
1,S02,Groomed,1,-1.086478095544598,0.9889549909836086
1,S02,Healed,1,0.0987707359585998,-0.3713317590666424
1,S02,Hides,1,0.6913951517101986,-0.1591421824571324
1,S02,Improved,-1,0.09877073595859984,0.8204663628901052
1,S02,Lifts,1,1.679102511296197,1.3332578396964208
1,S02,Lost,1,-0.3950829438343993,1.007900488895172
1,S02,Missed,-1,1.4815610393789973,1.3186066546448116
1,S02,Missed,-1,1.4815610393789973,1.3186066546448116
1,S02,Moved,-1,1.4815610393789975,-1.3332578396964208
1,S02,Recovered,-1,-2.0741854551305963,-0.7691872152094734
1,S02,Rolled,-1,-1.7778732472547971,0.21976777577413517
1,S02,Rushed,-1,0.39508294383439946,-0.968606122856374
1,S02,Smelled,-1,1.382790303420398,0.1098838878870676
1,S02,Spun,1,0.9877073595859982,-0.4774265473713972
1,S02,Stopped,1,0,-1.5383744304189468
1,S02,Trained,-1,-0.8889366236273982,-0.3550094839428338
1,S02,Tripped,1,0.592624415751599,-1.5383744304189468
1,S02,Washed,-1,0.49385367979299927,1.2087227667577445
0,S02,Weakens,1,-0.8889366236273984,0.1591421824571324
1,S02,Worried,1,0.19754147191719965,-1.5383744304189468
1,S03,Awakened,1,-0.2963122078757994,-1.220090065504682
1,S03,Calmed,1,0.09877073595859992,-0.4102331814450526
1,S03,Choked,1,1.2840195674617974,-1.4284905425318792
1,S03,Dressed,-1,-0.592624415751599,-1.208722766757744
1,S03,Failed,-1,-0.9877073595859984,0.1098838878870676
1,S03,Groomed,-1,-1.086478095544598,0.9889549909836086
1,S03,Healed,-1,0.0987707359585998,-0.3713317590666424
1,S03,Hides,-1,0.6913951517101986,-0.1591421824571324
0,S03,Improved,1,0.09877073595859984,0.8204663628901052
1,S03,Lifts,-1,1.679102511296197,1.3332578396964208
1,S03,Lost,-1,-0.3950829438343993,1.007900488895172
1,S03,Missed,1,1.4815610393789973,1.3186066546448116
1,S03,Moved,1,1.4815610393789975,-1.3332578396964208
1,S03,Recovered,1,-2.0741854551305963,-0.7691872152094734
1,S03,Rolled,1,-1.7778732472547971,0.21976777577413517
1,S03,Rushed,1,0.39508294383439946,-0.968606122856374
1,S03,Smelled,1,1.382790303420398,0.1098838878870676
1,S03,Spun,-1,0.9877073595859982,-0.4774265473713972
1,S03,Stopped,-1,0,-1.5383744304189468
0,S03,Trained,1,-0.8889366236273982,-0.3550094839428338
1,S03,Tripped,-1,0.592624415751599,-1.5383744304189468
1,S03,Washed,1,0.49385367979299927,1.2087227667577445
1,S03,Weakens,-1,-0.8889366236273984,0.1591421824571324
1,S03,Worried,-1,0.19754147191719965,-1.5383744304189468
1,S04,Awakened,1,-0.2963122078757994,-1.220090065504682
1,S04,Calmed,1,0.09877073595859992,-0.4102331814450526
1,S04,Choked,1,1.2840195674617974,-1.4284905425318792
1,S04,Dressed,-1,-0.592624415751599,-1.208722766757744
1,S04,Failed,-1,-0.9877073595859984,0.1098838878870676
1,S04,Groomed,-1,-1.086478095544598,0.9889549909836086
1,S04,Healed,-1,0.0987707359585998,-0.3713317590666424
0,S04,Hides,-1,0.6913951517101986,-0.1591421824571324
1,S04,Improved,1,0.09877073595859984,0.8204663628901052
1,S04,Lifts,-1,1.679102511296197,1.3332578396964208
0,S04,Lost,-1,-0.3950829438343993,1.007900488895172
1,S04,Missed,1,1.4815610393789973,1.3186066546448116
1,S04,Moved,1,1.4815610393789975,-1.3332578396964208
1,S04,Recovered,1,-2.0741854551305963,-0.7691872152094734
0,S04,Rolled,1,-1.7778732472547971,0.21976777577413517
1,S04,Rushed,1,0.39508294383439946,-0.968606122856374
1,S04,Smelled,1,1.382790303420398,0.1098838878870676
1,S04,Spun,-1,0.9877073595859982,-0.4774265473713972
1,S04,Stopped,-1,0,-1.5383744304189468
1,S04,Trained,1,-0.8889366236273982,-0.3550094839428338
1,S04,Tripped,-1,0.592624415751599,-1.5383744304189468
1,S04,Washed,1,0.49385367979299927,1.2087227667577445
1,S04,Weakens,-1,-0.8889366236273984,0.1591421824571324
1,S04,Worried,-1,0.19754147191719965,-1.5383744304189468
1,S05,Awakened,1,-0.2963122078757994,-1.220090065504682
1,S05,Calmed,1,0.09877073595859992,-0.4102331814450526
1,S05,Choked,1,1.2840195674617974,-1.4284905425318792
1,S05,Dressed,-1,-0.592624415751599,-1.208722766757744
1,S05,Failed,-1,-0.9877073595859984,0.1098838878870676
1,S05,Groomed,-1,-1.086478095544598,0.9889549909836086
1,S05,Healed,-1,0.0987707359585998,-0.3713317590666424
1,S05,Hides,-1,0.6913951517101986,-0.1591421824571324
1,S05,Improved,1,0.09877073595859984,0.8204663628901052
1,S05,Lifts,-1,1.679102511296197,1.3332578396964208
1,S05,Lost,-1,-0.3950829438343993,1.007900488895172
1,S05,Missed,1,1.4815610393789973,1.3186066546448116
1,S05,Moved,1,1.4815610393789975,-1.3332578396964208
1,S05,Recovered,1,-2.0741854551305963,-0.7691872152094734
1,S05,Rolled,1,-1.7778732472547971,0.21976777577413517
1,S05,Rushed,1,0.39508294383439946,-0.968606122856374
1,S05,Smelled,1,1.382790303420398,0.1098838878870676
1,S05,Spun,-1,0.9877073595859982,-0.4774265473713972
1,S05,Stopped,-1,0,-1.5383744304189468
1,S05,Trained,1,-0.8889366236273982,-0.3550094839428338
1,S05,Tripped,-1,0.592624415751599,-1.5383744304189468
1,S05,Washed,1,0.49385367979299927,1.2087227667577445
1,S05,Weakens,-1,-0.8889366236273984,0.1591421824571324
1,S05,Worried,-1,0.19754147191719965,-1.5383744304189468
1,S06,Awakened,-1,-0.2963122078757994,-1.220090065504682
0,S06,Calmed,-1,0.09877073595859992,-0.4102331814450526
1,S06,Choked,-1,1.2840195674617974,-1.4284905425318792
1,S06,Dressed,1,-0.592624415751599,-1.208722766757744
0,S06,Failed,1,-0.9877073595859984,0.1098838878870676
0,S06,Groomed,1,-1.086478095544598,0.9889549909836086
1,S06,Healed,1,0.0987707359585998,-0.3713317590666424
0,S06,Hides,1,0.6913951517101986,-0.1591421824571324
0,S06,Improved,-1,0.09877073595859984,0.8204663628901052
1,S06,Lifts,1,1.679102511296197,1.3332578396964208
1,S06,Lost,1,-0.3950829438343993,1.007900488895172
1,S06,Missed,-1,1.4815610393789973,1.3186066546448116
1,S06,Moved,-1,1.4815610393789975,-1.3332578396964208
1,S06,Recovered,-1,-2.0741854551305963,-0.7691872152094734
1,S06,Rolled,-1,-1.7778732472547971,0.21976777577413517
1,S06,Rushed,-1,0.39508294383439946,-0.968606122856374
1,S06,Smelled,-1,1.382790303420398,0.1098838878870676
0,S06,Spun,1,0.9877073595859982,-0.4774265473713972
0,S06,Stopped,1,0,-1.5383744304189468
0,S06,Trained,-1,-0.8889366236273982,-0.3550094839428338
1,S06,Tripped,1,0.592624415751599,-1.5383744304189468
1,S06,Washed,-1,0.49385367979299927,1.2087227667577445
0,S06,Weakens,1,-0.8889366236273984,0.1591421824571324
1,S06,Worried,1,0.19754147191719965,-1.5383744304189468
0,S07,Awakened,1,-0.2963122078757994,-1.220090065504682
1,S07,Calmed,1,0.09877073595859992,-0.4102331814450526
1,S07,Choked,1,1.2840195674617974,-1.4284905425318792
1,S07,Dressed,-1,-0.592624415751599,-1.208722766757744
1,S07,Failed,-1,-0.9877073595859984,0.1098838878870676
1,S07,Groomed,-1,-1.086478095544598,0.9889549909836086
1,S07,Healed,-1,0.0987707359585998,-0.3713317590666424
1,S07,Hides,-1,0.6913951517101986,-0.1591421824571324
1,S07,Improved,1,0.09877073595859984,0.8204663628901052
1,S07,Lifts,-1,1.679102511296197,1.3332578396964208
1,S07,Lost,-1,-0.3950829438343993,1.007900488895172
1,S07,Missed,1,1.4815610393789973,1.3186066546448116
1,S07,Moved,1,1.4815610393789975,-1.3332578396964208
1,S07,Recovered,1,-2.0741854551305963,-0.7691872152094734
1,S07,Rolled,1,-1.7778732472547971,0.21976777577413517
1,S07,Rushed,1,0.39508294383439946,-0.968606122856374
1,S07,Smelled,1,1.382790303420398,0.1098838878870676
1,S07,Spun,-1,0.9877073595859982,-0.4774265473713972
1,S07,Stopped,-1,0,-1.5383744304189468
1,S07,Trained,1,-0.8889366236273982,-0.3550094839428338
1,S07,Tripped,-1,0.592624415751599,-1.5383744304189468
0,S07,Washed,1,0.49385367979299927,1.2087227667577445
1,S07,Weakens,-1,-0.8889366236273984,0.1591421824571324
1,S07,Worried,-1,0.19754147191719965,-1.5383744304189468
1,S08,Awakened,1,-0.2963122078757994,-1.220090065504682
1,S08,Calmed,1,0.09877073595859992,-0.4102331814450526
1,S08,Choked,1,1.2840195674617974,-1.4284905425318792
1,S08,Dressed,-1,-0.592624415751599,-1.208722766757744
1,S08,Failed,-1,-0.9877073595859984,0.1098838878870676
1,S08,Groomed,-1,-1.086478095544598,0.9889549909836086
1,S08,Healed,-1,0.0987707359585998,-0.3713317590666424
1,S08,Hides,-1,0.6913951517101986,-0.1591421824571324
1,S08,Improved,1,0.09877073595859984,0.8204663628901052
1,S08,Lifts,-1,1.679102511296197,1.3332578396964208
1,S08,Lost,-1,-0.3950829438343993,1.007900488895172
1,S08,Missed,1,1.4815610393789973,1.3186066546448116
1,S08,Moved,1,1.4815610393789975,-1.3332578396964208
1,S08,Recovered,1,-2.0741854551305963,-0.7691872152094734
1,S08,Rolled,1,-1.7778732472547971,0.21976777577413517
1,S08,Rushed,1,0.39508294383439946,-0.968606122856374
1,S08,Spun,-1,0.9877073595859982,-0.4774265473713972
1,S08,Stopped,-1,0,-1.5383744304189468
0,S08,Trained,1,-0.8889366236273982,-0.3550094839428338
1,S08,Tripped,-1,0.592624415751599,-1.5383744304189468
1,S08,Washed,1,0.49385367979299927,1.2087227667577445
1,S08,Weakens,-1,-0.8889366236273984,0.1591421824571324
1,S08,Worried,-1,0.19754147191719965,-1.5383744304189468
0,S09,Awakened,1,-0.2963122078757994,-1.220090065504682
1,S09,Calmed,1,0.09877073595859992,-0.4102331814450526
1,S09,Choked,1,1.2840195674617974,-1.4284905425318792
0,S09,Dressed,-1,-0.592624415751599,-1.208722766757744
1,S09,Failed,-1,-0.9877073595859984,0.1098838878870676
1,S09,Groomed,-1,-1.086478095544598,0.9889549909836086
1,S09,Healed,-1,0.0987707359585998,-0.3713317590666424
1,S09,Hides,-1,0.6913951517101986,-0.1591421824571324
1,S09,Improved,1,0.09877073595859984,0.8204663628901052
0,S09,Lifts,-1,1.679102511296197,1.3332578396964208
0,S09,Lost,-1,-0.3950829438343993,1.007900488895172
1,S09,Missed,1,1.4815610393789973,1.3186066546448116
1,S09,Moved,1,1.4815610393789975,-1.3332578396964208
1,S09,Recovered,1,-2.0741854551305963,-0.7691872152094734
1,S09,Rolled,1,-1.7778732472547971,0.21976777577413517
1,S09,Rushed,1,0.39508294383439946,-0.968606122856374
1,S09,Smelled,1,1.382790303420398,0.1098838878870676
0,S09,Spun,-1,0.9877073595859982,-0.4774265473713972
0,S09,Stopped,-1,0,-1.5383744304189468
1,S09,Trained,1,-0.8889366236273982,-0.3550094839428338
1,S09,Tripped,-1,0.592624415751599,-1.5383744304189468
0,S09,Washed,1,0.49385367979299927,1.2087227667577445
0,S09,Weakens,-1,-0.8889366236273984,0.1591421824571324
1,S10,Awakened,1,-0.2963122078757994,-1.220090065504682
1,S10,Calmed,1,0.09877073595859992,-0.4102331814450526
1,S10,Choked,1,1.2840195674617974,-1.4284905425318792
1,S10,Dressed,-1,-0.592624415751599,-1.208722766757744
1,S10,Failed,-1,-0.9877073595859984,0.1098838878870676
1,S10,Groomed,-1,-1.086478095544598,0.9889549909836086
1,S10,Healed,-1,0.0987707359585998,-0.3713317590666424
1,S10,Hides,-1,0.6913951517101986,-0.1591421824571324
1,S10,Improved,1,0.09877073595859984,0.8204663628901052
1,S10,Lifts,-1,1.679102511296197,1.3332578396964208
1,S10,Lost,-1,-0.3950829438343993,1.007900488895172
1,S10,Missed,1,1.4815610393789973,1.3186066546448116
1,S10,Moved,1,1.4815610393789975,-1.3332578396964208
1,S10,Recovered,1,-2.0741854551305963,-0.7691872152094734
0,S10,Rolled,1,-1.7778732472547971,0.21976777577413517
1,S10,Rushed,1,0.39508294383439946,-0.968606122856374
1,S10,Smelled,1,1.382790303420398,0.1098838878870676
1,S10,Spun,-1,0.9877073595859982,-0.4774265473713972
1,S10,Stopped,-1,0,-1.5383744304189468
0,S10,Trained,1,-0.8889366236273982,-0.3550094839428338
1,S10,Tripped,-1,0.592624415751599,-1.5383744304189468
1,S10,Washed,1,0.49385367979299927,1.2087227667577445
1,S10,Weakens,-1,-0.8889366236273984,0.1591421824571324
1,S10,Worried,-1,0.19754147191719965,-1.5383744304189468
1,S11,Awakened,1,-0.2963122078757994,-1.220090065504682
1,S11,Calmed,1,0.09877073595859992,-0.4102331814450526
1,S11,Choked,1,1.2840195674617974,-1.4284905425318792
1,S11,Dressed,-1,-0.592624415751599,-1.208722766757744
0,S11,Failed,-1,-0.9877073595859984,0.1098838878870676
1,S11,Groomed,-1,-1.086478095544598,0.9889549909836086
1,S11,Healed,-1,0.0987707359585998,-0.3713317590666424
1,S11,Hides,-1,0.6913951517101986,-0.1591421824571324
1,S11,Improved,1,0.09877073595859984,0.8204663628901052
1,S11,Lifts,-1,1.679102511296197,1.3332578396964208
1,S11,Lost,-1,-0.3950829438343993,1.007900488895172
1,S11,Missed,1,1.4815610393789973,1.3186066546448116
1,S11,Moved,1,1.4815610393789975,-1.3332578396964208
1,S11,Recovered,1,-2.0741854551305963,-0.7691872152094734
1,S11,Rolled,1,-1.7778732472547971,0.21976777577413517
1,S11,Rushed,1,0.39508294383439946,-0.968606122856374
1,S11,Smelled,1,1.382790303420398,0.1098838878870676
1,S11,Spun,-1,0.9877073595859982,-0.4774265473713972
1,S11,Stopped,-1,0,-1.5383744304189468
0,S11,Trained,1,-0.8889366236273982,-0.3550094839428338
1,S11,Tripped,-1,0.592624415751599,-1.5383744304189468
0,S11,Washed,1,0.49385367979299927,1.2087227667577445
1,S11,Weakens,-1,-0.8889366236273984,0.1591421824571324
1,S11,Worried,-1,0.19754147191719965,-1.5383744304189468
0,S12,Awakened,-1,-0.2963122078757994,-1.220090065504682
1,S12,Calmed,-1,0.09877073595859992,-0.4102331814450526
1,S12,Choked,-1,1.2840195674617974,-1.4284905425318792
0,S12,Dressed,1,-0.592624415751599,-1.208722766757744
1,S12,Failed,1,-0.9877073595859984,0.1098838878870676
1,S12,Groomed,1,-1.086478095544598,0.9889549909836086
1,S12,Healed,1,0.0987707359585998,-0.3713317590666424
0,S12,Hides,1,0.6913951517101986,-0.1591421824571324
1,S12,Improved,-1,0.09877073595859984,0.8204663628901052
1,S12,Lifts,1,1.679102511296197,1.3332578396964208
1,S12,Lost,1,-0.3950829438343993,1.007900488895172
1,S12,Missed,-1,1.4815610393789973,1.3186066546448116
1,S12,Moved,-1,1.4815610393789975,-1.3332578396964208
1,S12,Recovered,-1,-2.0741854551305963,-0.7691872152094734
0,S12,Rolled,-1,-1.7778732472547971,0.21976777577413517
0,S12,Rushed,-1,0.39508294383439946,-0.968606122856374
1,S12,Smelled,-1,1.382790303420398,0.1098838878870676
1,S12,Spun,1,0.9877073595859982,-0.4774265473713972
0,S12,Stopped,1,0,-1.5383744304189468
0,S12,Trained,-1,-0.8889366236273982,-0.3550094839428338
1,S12,Tripped,1,0.592624415751599,-1.5383744304189468
1,S12,Washed,-1,0.49385367979299927,1.2087227667577445
0,S12,Weakens,1,-0.8889366236273984,0.1591421824571324
1,S12,Worried,1,0.19754147191719965,-1.5383744304189468
1,S13,Awakened,1,-0.2963122078757994,-1.220090065504682
1,S13,Calmed,1,0.09877073595859992,-0.4102331814450526
1,S13,Choked,1,1.2840195674617974,-1.4284905425318792
1,S13,Dressed,-1,-0.592624415751599,-1.208722766757744
1,S13,Failed,-1,-0.9877073595859984,0.1098838878870676
1,S13,Groomed,-1,-1.086478095544598,0.9889549909836086
1,S13,Healed,-1,0.0987707359585998,-0.3713317590666424
1,S13,Hides,-1,0.6913951517101986,-0.1591421824571324
1,S13,Improved,1,0.09877073595859984,0.8204663628901052
1,S13,Lifts,-1,1.679102511296197,1.3332578396964208
1,S13,Lost,-1,-0.3950829438343993,1.007900488895172
1,S13,Missed,1,1.4815610393789973,1.3186066546448116
1,S13,Moved,1,1.4815610393789975,-1.3332578396964208
1,S13,Recovered,1,-2.0741854551305963,-0.7691872152094734
1,S13,Rolled,1,-1.7778732472547971,0.21976777577413517
1,S13,Rushed,1,0.39508294383439946,-0.968606122856374
1,S13,Smelled,1,1.382790303420398,0.1098838878870676
1,S13,Spun,-1,0.9877073595859982,-0.4774265473713972
1,S13,Stopped,-1,0,-1.5383744304189468
1,S13,Trained,1,-0.8889366236273982,-0.3550094839428338
1,S13,Tripped,-1,0.592624415751599,-1.5383744304189468
1,S13,Washed,1,0.49385367979299927,1.2087227667577445
1,S13,Weakens,-1,-0.8889366236273984,0.1591421824571324
1,S13,Worried,-1,0.19754147191719965,-1.5383744304189468
1,S14,Awakened,1,-0.2963122078757994,-1.220090065504682
1,S14,Choked,1,1.2840195674617974,-1.4284905425318792
1,S14,Dressed,-1,-0.592624415751599,-1.208722766757744
1,S14,Failed,-1,-0.9877073595859984,0.1098838878870676
0,S14,Groomed,-1,-1.086478095544598,0.9889549909836086
0,S14,Healed,-1,0.0987707359585998,-0.3713317590666424
1,S14,Hides,-1,0.6913951517101986,-0.1591421824571324
1,S14,Improved,1,0.09877073595859984,0.8204663628901052
1,S14,Lifts,-1,1.679102511296197,1.3332578396964208
1,S14,Lost,-1,-0.3950829438343993,1.007900488895172
1,S14,Missed,1,1.4815610393789973,1.3186066546448116
1,S14,Moved,1,1.4815610393789975,-1.3332578396964208
1,S14,Recovered,1,-2.0741854551305963,-0.7691872152094734
1,S14,Rolled,1,-1.7778732472547971,0.21976777577413517
1,S14,Rushed,1,0.39508294383439946,-0.968606122856374
1,S14,Smelled,1,1.382790303420398,0.1098838878870676
0,S14,Spun,-1,0.9877073595859982,-0.4774265473713972
0,S14,Stopped,-1,0,-1.5383744304189468
0,S14,Trained,1,-0.8889366236273982,-0.3550094839428338
1,S14,Tripped,-1,0.592624415751599,-1.5383744304189468
1,S14,Washed,1,0.49385367979299927,1.2087227667577445
0,S14,Weakens,-1,-0.8889366236273984,0.1591421824571324
1,S14,Worried,-1,0.19754147191719965,-1.5383744304189468
0,S15,Awakened,-1,-0.2963122078757994,-1.220090065504682
1,S15,Calmed,-1,0.09877073595859992,-0.4102331814450526
1,S15,Choked,-1,1.2840195674617974,-1.4284905425318792
1,S15,Dressed,1,-0.592624415751599,-1.208722766757744
0,S15,Failed,1,-0.9877073595859984,0.1098838878870676
0,S15,Groomed,1,-1.086478095544598,0.9889549909836086
1,S15,Healed,1,0.0987707359585998,-0.3713317590666424
0,S15,Hides,1,0.6913951517101986,-0.1591421824571324
0,S15,Improved,-1,0.09877073595859984,0.8204663628901052
0,S15,Lifts,1,1.679102511296197,1.3332578396964208
0,S15,Lost,1,-0.3950829438343993,1.007900488895172
1,S15,Missed,-1,1.4815610393789973,1.3186066546448116
1,S15,Moved,-1,1.4815610393789975,-1.3332578396964208
1,S15,Recovered,-1,-2.0741854551305963,-0.7691872152094734
0,S15,Rolled,-1,-1.7778732472547971,0.21976777577413517
0,S15,Rushed,-1,0.39508294383439946,-0.968606122856374
1,S15,Smelled,-1,1.382790303420398,0.1098838878870676
1,S15,Spun,1,0.9877073595859982,-0.4774265473713972
0,S15,Stopped,1,0,-1.5383744304189468
1,S15,Trained,-1,-0.8889366236273982,-0.3550094839428338
0,S15,Tripped,1,0.592624415751599,-1.5383744304189468
0,S15,Washed,-1,0.49385367979299927,1.2087227667577445
0,S15,Weakens,1,-0.8889366236273984,0.1591421824571324
1,S15,Worried,1,0.19754147191719965,-1.5383744304189468
1,S16,Awakened,1,-0.2963122078757994,-1.220090065504682
1,S16,Calmed,1,0.09877073595859992,-0.4102331814450526
1,S16,Choked,1,1.2840195674617974,-1.4284905425318792
1,S16,Dressed,-1,-0.592624415751599,-1.208722766757744
1,S16,Failed,-1,-0.9877073595859984,0.1098838878870676
1,S16,Groomed,-1,-1.086478095544598,0.9889549909836086
1,S16,Healed,-1,0.0987707359585998,-0.3713317590666424
1,S16,Hides,-1,0.6913951517101986,-0.1591421824571324
1,S16,Improved,1,0.09877073595859984,0.8204663628901052
1,S16,Lifts,-1,1.679102511296197,1.3332578396964208
1,S16,Lost,-1,-0.3950829438343993,1.007900488895172
1,S16,Missed,1,1.4815610393789973,1.3186066546448116
0,S16,Moved,1,1.4815610393789975,-1.3332578396964208
1,S16,Recovered,1,-2.0741854551305963,-0.7691872152094734
1,S16,Rolled,1,-1.7778732472547971,0.21976777577413517
1,S16,Rushed,1,0.39508294383439946,-0.968606122856374
1,S16,Smelled,1,1.382790303420398,0.1098838878870676
1,S16,Spun,-1,0.9877073595859982,-0.4774265473713972
1,S16,Stopped,-1,0,-1.5383744304189468
1,S16,Tripped,-1,0.592624415751599,-1.5383744304189468
1,S16,Washed,1,0.49385367979299927,1.2087227667577445
1,S16,Weakens,-1,-0.8889366236273984,0.1591421824571324
1,S16,Worried,-1,0.19754147191719965,-1.5383744304189468
1,S17,Awakened,-1,-0.2963122078757994,-1.220090065504682
1,S17,Calmed,-1,0.09877073595859992,-0.4102331814450526
1,S17,Choked,-1,1.2840195674617974,-1.4284905425318792
1,S17,Dressed,1,-0.592624415751599,-1.208722766757744
1,S17,Failed,1,-0.9877073595859984,0.1098838878870676
0,S17,Groomed,1,-1.086478095544598,0.9889549909836086
1,S17,Healed,1,0.0987707359585998,-0.3713317590666424
1,S17,Hides,1,0.6913951517101986,-0.1591421824571324
0,S17,Improved,-1,0.09877073595859984,0.8204663628901052
0,S17,Lifts,1,1.679102511296197,1.3332578396964208
0,S17,Lost,1,-0.3950829438343993,1.007900488895172
1,S17,Missed,-1,1.4815610393789973,1.3186066546448116
1,S17,Moved,-1,1.4815610393789975,-1.3332578396964208
1,S17,Moved,-1,1.4815610393789975,-1.3332578396964208
0,S17,Recovered,-1,-2.0741854551305963,-0.7691872152094734
1,S17,Rolled,-1,-1.7778732472547971,0.21976777577413517
1,S17,Rushed,-1,0.39508294383439946,-0.968606122856374
1,S17,Smelled,-1,1.382790303420398,0.1098838878870676
1,S17,Spun,1,0.9877073595859982,-0.4774265473713972
0,S17,Stopped,1,0,-1.5383744304189468
1,S17,Trained,-1,-0.8889366236273982,-0.3550094839428338
1,S17,Tripped,1,0.592624415751599,-1.5383744304189468
0,S17,Washed,-1,0.49385367979299927,1.2087227667577445
0,S17,Weakens,1,-0.8889366236273984,0.1591421824571324
0,S17,Worried,1,0.19754147191719965,-1.5383744304189468
1,S18,Awakened,-1,-0.2963122078757994,-1.220090065504682
1,S18,Calmed,-1,0.09877073595859992,-0.4102331814450526
1,S18,Choked,-1,1.2840195674617974,-1.4284905425318792
1,S18,Dressed,1,-0.592624415751599,-1.208722766757744
1,S18,Failed,1,-0.9877073595859984,0.1098838878870676
0,S18,Groomed,1,-1.086478095544598,0.9889549909836086
0,S18,Healed,1,0.0987707359585998,-0.3713317590666424
1,S18,Hides,1,0.6913951517101986,-0.1591421824571324
0,S18,Improved,-1,0.09877073595859984,0.8204663628901052
0,S18,Lifts,1,1.679102511296197,1.3332578396964208
1,S18,Lost,1,-0.3950829438343993,1.007900488895172
1,S18,Missed,-1,1.4815610393789973,1.3186066546448116
0,S18,Moved,-1,1.4815610393789975,-1.3332578396964208
1,S18,Recovered,-1,-2.0741854551305963,-0.7691872152094734
0,S18,Rolled,-1,-1.7778732472547971,0.21976777577413517
1,S18,Rushed,-1,0.39508294383439946,-0.968606122856374
1,S18,Smelled,-1,1.382790303420398,0.1098838878870676
0,S18,Spun,1,0.9877073595859982,-0.4774265473713972
1,S18,Stopped,1,0,-1.5383744304189468
1,S18,Trained,-1,-0.8889366236273982,-0.3550094839428338
1,S18,Tripped,1,0.592624415751599,-1.5383744304189468
1,S18,Washed,-1,0.49385367979299927,1.2087227667577445
0,S18,Weakens,1,-0.8889366236273984,0.1591421824571324
0,S18,Worried,1,0.19754147191719965,-1.5383744304189468
1,S19,Awakened,1,-0.2963122078757994,-1.220090065504682
1,S19,Calmed,1,0.09877073595859992,-0.4102331814450526
1,S19,Choked,1,1.2840195674617974,-1.4284905425318792
1,S19,Dressed,-1,-0.592624415751599,-1.208722766757744
1,S19,Failed,-1,-0.9877073595859984,0.1098838878870676
1,S19,Groomed,-1,-1.086478095544598,0.9889549909836086
1,S19,Healed,-1,0.0987707359585998,-0.3713317590666424
1,S19,Hides,-1,0.6913951517101986,-0.1591421824571324
1,S19,Improved,1,0.09877073595859984,0.8204663628901052
1,S19,Lifts,-1,1.679102511296197,1.3332578396964208
1,S19,Lost,-1,-0.3950829438343993,1.007900488895172
1,S19,Missed,1,1.4815610393789973,1.3186066546448116
1,S19,Moved,1,1.4815610393789975,-1.3332578396964208
1,S19,Recovered,1,-2.0741854551305963,-0.7691872152094734
1,S19,Rolled,1,-1.7778732472547971,0.21976777577413517
1,S19,Rushed,1,0.39508294383439946,-0.968606122856374
1,S19,Smelled,1,1.382790303420398,0.1098838878870676
1,S19,Spun,-1,0.9877073595859982,-0.4774265473713972
1,S19,Stopped,-1,0,-1.5383744304189468
1,S19,Trained,1,-0.8889366236273982,-0.3550094839428338
1,S19,Tripped,-1,0.592624415751599,-1.5383744304189468
1,S19,Weakens,-1,-0.8889366236273984,0.1591421824571324
1,S19,Worried,-1,0.19754147191719965,-1.5383744304189468
1,S20,Awakened,-1,-0.2963122078757994,-1.220090065504682
1,S20,Calmed,-1,0.09877073595859992,-0.4102331814450526
1,S20,Choked,-1,1.2840195674617974,-1.4284905425318792
1,S20,Dressed,1,-0.592624415751599,-1.208722766757744
1,S20,Failed,1,-0.9877073595859984,0.1098838878870676
0,S20,Groomed,1,-1.086478095544598,0.9889549909836086
0,S20,Healed,1,0.0987707359585998,-0.3713317590666424
1,S20,Hides,1,0.6913951517101986,-0.1591421824571324
1,S20,Improved,-1,0.09877073595859984,0.8204663628901052
1,S20,Lifts,1,1.679102511296197,1.3332578396964208
1,S20,Lost,1,-0.3950829438343993,1.007900488895172
1,S20,Missed,-1,1.4815610393789973,1.3186066546448116
1,S20,Moved,-1,1.4815610393789975,-1.3332578396964208
1,S20,Recovered,-1,-2.0741854551305963,-0.7691872152094734
1,S20,Rolled,-1,-1.7778732472547971,0.21976777577413517
0,S20,Rushed,-1,0.39508294383439946,-0.968606122856374
1,S20,Smelled,-1,1.382790303420398,0.1098838878870676
1,S20,Spun,1,0.9877073595859982,-0.4774265473713972
1,S20,Stopped,1,0,-1.5383744304189468
0,S20,Trained,-1,-0.8889366236273982,-0.3550094839428338
1,S20,Tripped,1,0.592624415751599,-1.5383744304189468
0,S20,Weakens,1,-0.8889366236273984,0.1591421824571324
1,S20,Worried,1,0.19754147191719965,-1.5383744304189468
1,S21,Awakened,-1,-0.2963122078757994,-1.220090065504682
1,S21,Calmed,-1,0.09877073595859992,-0.4102331814450526
1,S21,Choked,-1,1.2840195674617974,-1.4284905425318792
0,S21,Dressed,1,-0.592624415751599,-1.208722766757744
0,S21,Failed,1,-0.9877073595859984,0.1098838878870676
1,S21,Groomed,1,-1.086478095544598,0.9889549909836086
1,S21,Healed,1,0.0987707359585998,-0.3713317590666424
1,S21,Hides,1,0.6913951517101986,-0.1591421824571324
0,S21,Improved,-1,0.09877073595859984,0.8204663628901052
1,S21,Lifts,1,1.679102511296197,1.3332578396964208
1,S21,Lost,1,-0.3950829438343993,1.007900488895172
1,S21,Missed,-1,1.4815610393789973,1.3186066546448116
1,S21,Moved,-1,1.4815610393789975,-1.3332578396964208
1,S21,Recovered,-1,-2.0741854551305963,-0.7691872152094734
0,S21,Rolled,-1,-1.7778732472547971,0.21976777577413517
1,S21,Rushed,-1,0.39508294383439946,-0.968606122856374
1,S21,Smelled,-1,1.382790303420398,0.1098838878870676
1,S21,Spun,1,0.9877073595859982,-0.4774265473713972
1,S21,Stopped,1,0,-1.5383744304189468
1,S21,Trained,-1,-0.8889366236273982,-0.3550094839428338
1,S21,Tripped,1,0.592624415751599,-1.5383744304189468
1,S21,Washed,-1,0.49385367979299927,1.2087227667577445
0,S21,Weakens,1,-0.8889366236273984,0.1591421824571324
1,S21,Worried,1,0.19754147191719965,-1.5383744304189468
1,S22,Awakened,-1,-0.2963122078757994,-1.220090065504682
0,S22,Calmed,-1,0.09877073595859992,-0.4102331814450526
1,S22,Choked,-1,1.2840195674617974,-1.4284905425318792
0,S22,Groomed,1,-1.086478095544598,0.9889549909836086
1,S22,Healed,1,0.0987707359585998,-0.3713317590666424
0,S22,Hides,1,0.6913951517101986,-0.1591421824571324
0,S22,Improved,-1,0.09877073595859984,0.8204663628901052
1,S22,Lifts,1,1.679102511296197,1.3332578396964208
1,S22,Lost,1,-0.3950829438343993,1.007900488895172
1,S22,Missed,-1,1.4815610393789973,1.3186066546448116
0,S22,Moved,-1,1.4815610393789975,-1.3332578396964208
1,S22,Recovered,-1,-2.0741854551305963,-0.7691872152094734
0,S22,Rolled,-1,-1.7778732472547971,0.21976777577413517
0,S22,Rushed,-1,0.39508294383439946,-0.968606122856374
1,S22,Smelled,-1,1.382790303420398,0.1098838878870676
0,S22,Spun,1,0.9877073595859982,-0.4774265473713972
1,S22,Stopped,1,0,-1.5383744304189468
0,S22,Trained,-1,-0.8889366236273982,-0.3550094839428338
0,S22,Tripped,1,0.592624415751599,-1.5383744304189468
0,S22,Washed,-1,0.49385367979299927,1.2087227667577445
0,S22,Weakens,1,-0.8889366236273984,0.1591421824571324
0,S22,Worried,1,0.19754147191719965,-1.5383744304189468
0,S23,Awakened,1,-0.2963122078757994,-1.220090065504682
1,S23,Calmed,1,0.09877073595859992,-0.4102331814450526
1,S23,Choked,1,1.2840195674617974,-1.4284905425318792
1,S23,Dressed,-1,-0.592624415751599,-1.208722766757744
1,S23,Failed,-1,-0.9877073595859984,0.1098838878870676
1,S23,Groomed,-1,-1.086478095544598,0.9889549909836086
1,S23,Healed,-1,0.0987707359585998,-0.3713317590666424
1,S23,Hides,-1,0.6913951517101986,-0.1591421824571324
1,S23,Improved,1,0.09877073595859984,0.8204663628901052
1,S23,Lifts,-1,1.679102511296197,1.3332578396964208
1,S23,Lost,-1,-0.3950829438343993,1.007900488895172
1,S23,Missed,1,1.4815610393789973,1.3186066546448116
1,S23,Moved,1,1.4815610393789975,-1.3332578396964208
1,S23,Recovered,1,-2.0741854551305963,-0.7691872152094734
1,S23,Rolled,1,-1.7778732472547971,0.21976777577413517
1,S23,Rushed,1,0.39508294383439946,-0.968606122856374
1,S23,Smelled,1,1.382790303420398,0.1098838878870676
1,S23,Spun,-1,0.9877073595859982,-0.4774265473713972
1,S23,Stopped,-1,0,-1.5383744304189468
0,S23,Trained,1,-0.8889366236273982,-0.3550094839428338
1,S23,Tripped,-1,0.592624415751599,-1.5383744304189468
1,S23,Washed,1,0.49385367979299927,1.2087227667577445
0,S23,Weakens,-1,-0.8889366236273984,0.1591421824571324
1,S23,Worried,-1,0.19754147191719965,-1.5383744304189468
1,S24,Awakened,1,-0.2963122078757994,-1.220090065504682
1,S24,Calmed,1,0.09877073595859992,-0.4102331814450526
1,S24,Choked,1,1.2840195674617974,-1.4284905425318792
1,S24,Dressed,-1,-0.592624415751599,-1.208722766757744
1,S24,Failed,-1,-0.9877073595859984,0.1098838878870676
0,S24,Groomed,-1,-1.086478095544598,0.9889549909836086
1,S24,Healed,-1,0.0987707359585998,-0.3713317590666424
1,S24,Hides,-1,0.6913951517101986,-0.1591421824571324
1,S24,Improved,1,0.09877073595859984,0.8204663628901052
0,S24,Lifts,-1,1.679102511296197,1.3332578396964208
1,S24,Lost,-1,-0.3950829438343993,1.007900488895172
1,S24,Missed,1,1.4815610393789973,1.3186066546448116
0,S24,Recovered,1,-2.0741854551305963,-0.7691872152094734
1,S24,Rushed,1,0.39508294383439946,-0.968606122856374
1,S24,Smelled,1,1.382790303420398,0.1098838878870676
1,S24,Spun,-1,0.9877073595859982,-0.4774265473713972
1,S24,Stopped,-1,0,-1.5383744304189468
1,S24,Trained,1,-0.8889366236273982,-0.3550094839428338
1,S24,Tripped,-1,0.592624415751599,-1.5383744304189468
1,S24,Washed,1,0.49385367979299927,1.2087227667577445
0,S24,Weakens,-1,-0.8889366236273984,0.1591421824571324
1,S24,Worried,-1,0.19754147191719965,-1.5383744304189468
1,S25,Awakened,1,-0.2963122078757994,-1.220090065504682
1,S25,Calmed,1,0.09877073595859992,-0.4102331814450526
1,S25,Choked,1,1.2840195674617974,-1.4284905425318792
1,S25,Dressed,-1,-0.592624415751599,-1.208722766757744
0,S25,Failed,-1,-0.9877073595859984,0.1098838878870676
0,S25,Groomed,-1,-1.086478095544598,0.9889549909836086
1,S25,Healed,-1,0.0987707359585998,-0.3713317590666424
0,S25,Hides,-1,0.6913951517101986,-0.1591421824571324
1,S25,Improved,1,0.09877073595859984,0.8204663628901052
1,S25,Lifts,-1,1.679102511296197,1.3332578396964208
1,S25,Lost,-1,-0.3950829438343993,1.007900488895172
1,S25,Missed,1,1.4815610393789973,1.3186066546448116
0,S25,Moved,1,1.4815610393789975,-1.3332578396964208
1,S25,Recovered,1,-2.0741854551305963,-0.7691872152094734
0,S25,Rolled,1,-1.7778732472547971,0.21976777577413517
0,S25,Rushed,1,0.39508294383439946,-0.968606122856374
0,S25,Smelled,1,1.382790303420398,0.1098838878870676
1,S25,Spun,-1,0.9877073595859982,-0.4774265473713972
1,S25,Stopped,-1,0,-1.5383744304189468
1,S25,Trained,1,-0.8889366236273982,-0.3550094839428338
1,S25,Tripped,-1,0.592624415751599,-1.5383744304189468
1,S25,Washed,1,0.49385367979299927,1.2087227667577445
0,S25,Weakens,-1,-0.8889366236273984,0.1591421824571324
1,S25,Worried,-1,0.19754147191719965,-1.5383744304189468
1,S26,Awakened,1,-0.2963122078757994,-1.220090065504682
1,S26,Calmed,1,0.09877073595859992,-0.4102331814450526
1,S26,Choked,1,1.2840195674617974,-1.4284905425318792
1,S26,Dressed,-1,-0.592624415751599,-1.208722766757744
1,S26,Failed,-1,-0.9877073595859984,0.1098838878870676
1,S26,Groomed,-1,-1.086478095544598,0.9889549909836086
1,S26,Healed,-1,0.0987707359585998,-0.3713317590666424
1,S26,Hides,-1,0.6913951517101986,-0.1591421824571324
1,S26,Improved,1,0.09877073595859984,0.8204663628901052
1,S26,Lifts,-1,1.679102511296197,1.3332578396964208
1,S26,Lost,-1,-0.3950829438343993,1.007900488895172
1,S26,Missed,1,1.4815610393789973,1.3186066546448116
1,S26,Moved,1,1.4815610393789975,-1.3332578396964208
1,S26,Recovered,1,-2.0741854551305963,-0.7691872152094734
1,S26,Rolled,1,-1.7778732472547971,0.21976777577413517
1,S26,Rushed,1,0.39508294383439946,-0.968606122856374
1,S26,Smelled,1,1.382790303420398,0.1098838878870676
1,S26,Spun,-1,0.9877073595859982,-0.4774265473713972
1,S26,Stopped,-1,0,-1.5383744304189468
0,S26,Trained,1,-0.8889366236273982,-0.3550094839428338
1,S26,Tripped,-1,0.592624415751599,-1.5383744304189468
1,S26,Washed,1,0.49385367979299927,1.2087227667577445
1,S26,Weakens,-1,-0.8889366236273984,0.1591421824571324
1,S26,Worried,-1,0.19754147191719965,-1.5383744304189468
1,S27,Awakened,1,-0.2963122078757994,-1.220090065504682
1,S27,Calmed,1,0.09877073595859992,-0.4102331814450526
1,S27,Choked,1,1.2840195674617974,-1.4284905425318792
1,S27,Dressed,-1,-0.592624415751599,-1.208722766757744
1,S27,Failed,-1,-0.9877073595859984,0.1098838878870676
1,S27,Groomed,-1,-1.086478095544598,0.9889549909836086
1,S27,Healed,-1,0.0987707359585998,-0.3713317590666424
1,S27,Hides,-1,0.6913951517101986,-0.1591421824571324
0,S27,Improved,1,0.09877073595859984,0.8204663628901052
1,S27,Lifts,-1,1.679102511296197,1.3332578396964208
1,S27,Lost,-1,-0.3950829438343993,1.007900488895172
1,S27,Missed,1,1.4815610393789973,1.3186066546448116
1,S27,Moved,1,1.4815610393789975,-1.3332578396964208
1,S27,Recovered,1,-2.0741854551305963,-0.7691872152094734
1,S27,Rolled,1,-1.7778732472547971,0.21976777577413517
1,S27,Rushed,1,0.39508294383439946,-0.968606122856374
1,S27,Smelled,1,1.382790303420398,0.1098838878870676
1,S27,Spun,-1,0.9877073595859982,-0.4774265473713972
1,S27,Stopped,-1,0,-1.5383744304189468
1,S27,Trained,1,-0.8889366236273982,-0.3550094839428338
1,S27,Tripped,-1,0.592624415751599,-1.5383744304189468
1,S27,Washed,1,0.49385367979299927,1.2087227667577445
1,S27,Weakens,-1,-0.8889366236273984,0.1591421824571324
1,S27,Worried,-1,0.19754147191719965,-1.5383744304189468
1,S28,Awakened,1,-0.2963122078757994,-1.220090065504682
1,S28,Calmed,1,0.09877073595859992,-0.4102331814450526
1,S28,Choked,1,1.2840195674617974,-1.4284905425318792
1,S28,Groomed,-1,-1.086478095544598,0.9889549909836086
0,S28,Healed,-1,0.0987707359585998,-0.3713317590666424
1,S28,Hides,-1,0.6913951517101986,-0.1591421824571324
1,S28,Improved,1,0.09877073595859984,0.8204663628901052
1,S28,Lifts,-1,1.679102511296197,1.3332578396964208
1,S28,Lost,-1,-0.3950829438343993,1.007900488895172
1,S28,Missed,1,1.4815610393789973,1.3186066546448116
1,S28,Moved,1,1.4815610393789975,-1.3332578396964208
1,S28,Recovered,1,-2.0741854551305963,-0.7691872152094734
0,S28,Rolled,1,-1.7778732472547971,0.21976777577413517
1,S28,Rushed,1,0.39508294383439946,-0.968606122856374
1,S28,Smelled,1,1.382790303420398,0.1098838878870676
1,S28,Spun,-1,0.9877073595859982,-0.4774265473713972
1,S28,Stopped,-1,0,-1.5383744304189468
1,S28,Trained,1,-0.8889366236273982,-0.3550094839428338
0,S28,Tripped,-1,0.592624415751599,-1.5383744304189468
0,S28,Washed,1,0.49385367979299927,1.2087227667577445
1,S28,Weakens,-1,-0.8889366236273984,0.1591421824571324
1,S28,Worried,-1,0.19754147191719965,-1.5383744304189468
1,S29,Awakened,1,-0.2963122078757994,-1.220090065504682
1,S29,Calmed,1,0.09877073595859992,-0.4102331814450526
1,S29,Choked,1,1.2840195674617974,-1.4284905425318792
1,S29,Dressed,-1,-0.592624415751599,-1.208722766757744
1,S29,Failed,-1,-0.9877073595859984,0.1098838878870676
1,S29,Groomed,-1,-1.086478095544598,0.9889549909836086
1,S29,Healed,-1,0.0987707359585998,-0.3713317590666424
1,S29,Hides,-1,0.6913951517101986,-0.1591421824571324
0,S29,Improved,1,0.09877073595859984,0.8204663628901052
1,S29,Lifts,-1,1.679102511296197,1.3332578396964208
1,S29,Lost,-1,-0.3950829438343993,1.007900488895172
1,S29,Missed,1,1.4815610393789973,1.3186066546448116
1,S29,Moved,1,1.4815610393789975,-1.3332578396964208
1,S29,Recovered,1,-2.0741854551305963,-0.7691872152094734
1,S29,Rolled,1,-1.7778732472547971,0.21976777577413517
0,S29,Rushed,1,0.39508294383439946,-0.968606122856374
1,S29,Smelled,1,1.382790303420398,0.1098838878870676
1,S29,Spun,-1,0.9877073595859982,-0.4774265473713972
1,S29,Stopped,-1,0,-1.5383744304189468
1,S29,Trained,1,-0.8889366236273982,-0.3550094839428338
0,S29,Tripped,-1,0.592624415751599,-1.5383744304189468
1,S29,Washed,1,0.49385367979299927,1.2087227667577445
0,S29,Weakens,-1,-0.8889366236273984,0.1591421824571324
1,S29,Worried,-1,0.19754147191719965,-1.5383744304189468
1,S30,Awakened,-1,-0.2963122078757994,-1.220090065504682
1,S30,Choked,-1,1.2840195674617974,-1.4284905425318792
1,S30,Dressed,1,-0.592624415751599,-1.208722766757744
1,S30,Failed,1,-0.9877073595859984,0.1098838878870676
1,S30,Groomed,1,-1.086478095544598,0.9889549909836086
1,S30,Healed,1,0.0987707359585998,-0.3713317590666424
1,S30,Hides,1,0.6913951517101986,-0.1591421824571324
1,S30,Improved,-1,0.09877073595859984,0.8204663628901052
1,S30,Lifts,1,1.679102511296197,1.3332578396964208
1,S30,Lost,1,-0.3950829438343993,1.007900488895172
1,S30,Missed,-1,1.4815610393789973,1.3186066546448116
0,S30,Moved,-1,1.4815610393789975,-1.3332578396964208
1,S30,Recovered,-1,-2.0741854551305963,-0.7691872152094734
0,S30,Rolled,-1,-1.7778732472547971,0.21976777577413517
1,S30,Rushed,-1,0.39508294383439946,-0.968606122856374
1,S30,Smelled,-1,1.382790303420398,0.1098838878870676
1,S30,Spun,1,0.9877073595859982,-0.4774265473713972
1,S30,Stopped,1,0,-1.5383744304189468
0,S30,Trained,-1,-0.8889366236273982,-0.3550094839428338
1,S30,Tripped,1,0.592624415751599,-1.5383744304189468
1,S30,Washed,-1,0.49385367979299927,1.2087227667577445
0,S30,Weakens,1,-0.8889366236273984,0.1591421824571324
1,S30,Worried,1,0.19754147191719965,-1.5383744304189468
1,S31,Awakened,-1,-0.2963122078757994,-1.220090065504682
1,S31,Calmed,-1,0.09877073595859992,-0.4102331814450526
1,S31,Choked,-1,1.2840195674617974,-1.4284905425318792
1,S31,Dressed,1,-0.592624415751599,-1.208722766757744
1,S31,Failed,1,-0.9877073595859984,0.1098838878870676
0,S31,Groomed,1,-1.086478095544598,0.9889549909836086
1,S31,Healed,1,0.0987707359585998,-0.3713317590666424
1,S31,Hides,1,0.6913951517101986,-0.1591421824571324
1,S31,Improved,-1,0.09877073595859984,0.8204663628901052
1,S31,Lifts,1,1.679102511296197,1.3332578396964208
1,S31,Lost,1,-0.3950829438343993,1.007900488895172
1,S31,Missed,-1,1.4815610393789973,1.3186066546448116
1,S31,Moved,-1,1.4815610393789975,-1.3332578396964208
1,S31,Recovered,-1,-2.0741854551305963,-0.7691872152094734
1,S31,Rolled,-1,-1.7778732472547971,0.21976777577413517
1,S31,Rushed,-1,0.39508294383439946,-0.968606122856374
1,S31,Smelled,-1,1.382790303420398,0.1098838878870676
1,S31,Spun,1,0.9877073595859982,-0.4774265473713972
1,S31,Stopped,1,0,-1.5383744304189468
1,S31,Trained,-1,-0.8889366236273982,-0.3550094839428338
1,S31,Tripped,1,0.592624415751599,-1.5383744304189468
1,S31,Washed,-1,0.49385367979299927,1.2087227667577445
0,S31,Weakens,1,-0.8889366236273984,0.1591421824571324
1,S31,Worried,1,0.19754147191719965,-1.5383744304189468
1,S32,Awakened,-1,-0.2963122078757994,-1.220090065504682
1,S32,Calmed,-1,0.09877073595859992,-0.4102331814450526
1,S32,Choked,-1,1.2840195674617974,-1.4284905425318792
1,S32,Dressed,1,-0.592624415751599,-1.208722766757744
0,S32,Failed,1,-0.9877073595859984,0.1098838878870676
1,S32,Groomed,1,-1.086478095544598,0.9889549909836086
1,S32,Healed,1,0.0987707359585998,-0.3713317590666424
1,S32,Hides,1,0.6913951517101986,-0.1591421824571324
1,S32,Improved,-1,0.09877073595859984,0.8204663628901052
1,S32,Lifts,1,1.679102511296197,1.3332578396964208
0,S32,Lost,1,-0.3950829438343993,1.007900488895172
1,S32,Missed,-1,1.4815610393789973,1.3186066546448116
1,S32,Moved,-1,1.4815610393789975,-1.3332578396964208
1,S32,Recovered,-1,-2.0741854551305963,-0.7691872152094734
0,S32,Rolled,-1,-1.7778732472547971,0.21976777577413517
1,S32,Rushed,-1,0.39508294383439946,-0.968606122856374
0,S32,Smelled,-1,1.382790303420398,0.1098838878870676
0,S32,Spun,1,0.9877073595859982,-0.4774265473713972
0,S32,Stopped,1,0,-1.5383744304189468
1,S32,Trained,-1,-0.8889366236273982,-0.3550094839428338
1,S32,Tripped,1,0.592624415751599,-1.5383744304189468
1,S32,Washed,-1,0.49385367979299927,1.2087227667577445
1,S32,Weakens,1,-0.8889366236273984,0.1591421824571324
1,S32,Worried,1,0.19754147191719965,-1.5383744304189468
1,S33,Awakened,-1,-0.2963122078757994,-1.220090065504682
1,S33,Calmed,-1,0.09877073595859992,-0.4102331814450526
0,S33,Choked,-1,1.2840195674617974,-1.4284905425318792
0,S33,Dressed,1,-0.592624415751599,-1.208722766757744
0,S33,Failed,1,-0.9877073595859984,0.1098838878870676
1,S33,Groomed,1,-1.086478095544598,0.9889549909836086
1,S33,Healed,1,0.0987707359585998,-0.3713317590666424
1,S33,Hides,1,0.6913951517101986,-0.1591421824571324
0,S33,Improved,-1,0.09877073595859984,0.8204663628901052
0,S33,Lifts,1,1.679102511296197,1.3332578396964208
0,S33,Lost,1,-0.3950829438343993,1.007900488895172
0,S33,Missed,-1,1.4815610393789973,1.3186066546448116
1,S33,Moved,-1,1.4815610393789975,-1.3332578396964208
1,S33,Recovered,-1,-2.0741854551305963,-0.7691872152094734
1,S33,Rolled,-1,-1.7778732472547971,0.21976777577413517
0,S33,Rushed,-1,0.39508294383439946,-0.968606122856374
0,S33,Stopped,1,0,-1.5383744304189468
0,S33,Trained,-1,-0.8889366236273982,-0.3550094839428338
1,S33,Tripped,1,0.592624415751599,-1.5383744304189468
1,S33,Washed,-1,0.49385367979299927,1.2087227667577445
1,S33,Worried,1,0.19754147191719965,-1.5383744304189468
1,S34,Awakened,-1,-0.2963122078757994,-1.220090065504682
0,S34,Calmed,-1,0.09877073595859992,-0.4102331814450526
0,S34,Choked,-1,1.2840195674617974,-1.4284905425318792
1,S34,Dressed,1,-0.592624415751599,-1.208722766757744
1,S34,Failed,1,-0.9877073595859984,0.1098838878870676
0,S34,Groomed,1,-1.086478095544598,0.9889549909836086
1,S34,Healed,1,0.0987707359585998,-0.3713317590666424
1,S34,Hides,1,0.6913951517101986,-0.1591421824571324
1,S34,Improved,-1,0.09877073595859984,0.8204663628901052
1,S34,Lifts,1,1.679102511296197,1.3332578396964208
1,S34,Lost,1,-0.3950829438343993,1.007900488895172
1,S34,Missed,-1,1.4815610393789973,1.3186066546448116
1,S34,Moved,-1,1.4815610393789975,-1.3332578396964208
1,S34,Recovered,-1,-2.0741854551305963,-0.7691872152094734
0,S34,Rolled,-1,-1.7778732472547971,0.21976777577413517
1,S34,Rushed,-1,0.39508294383439946,-0.968606122856374
1,S34,Smelled,-1,1.382790303420398,0.1098838878870676
1,S34,Spun,1,0.9877073595859982,-0.4774265473713972
1,S34,Stopped,1,0,-1.5383744304189468
1,S34,Trained,-1,-0.8889366236273982,-0.3550094839428338
1,S34,Tripped,1,0.592624415751599,-1.5383744304189468
1,S34,Washed,-1,0.49385367979299927,1.2087227667577445
0,S34,Weakens,1,-0.8889366236273984,0.1591421824571324
1,S34,Worried,1,0.19754147191719965,-1.5383744304189468
1,S35,Awakened,-1,-0.2963122078757994,-1.220090065504682
0,S35,Choked,-1,1.2840195674617974,-1.4284905425318792
0,S35,Dressed,1,-0.592624415751599,-1.208722766757744
0,S35,Failed,1,-0.9877073595859984,0.1098838878870676
0,S35,Groomed,1,-1.086478095544598,0.9889549909836086
0,S35,Healed,1,0.0987707359585998,-0.3713317590666424
0,S35,Hides,1,0.6913951517101986,-0.1591421824571324
0,S35,Improved,-1,0.09877073595859984,0.8204663628901052
1,S35,Lifts,1,1.679102511296197,1.3332578396964208
1,S35,Lost,1,-0.3950829438343993,1.007900488895172
1,S35,Missed,-1,1.4815610393789973,1.3186066546448116
1,S35,Moved,-1,1.4815610393789975,-1.3332578396964208
1,S35,Recovered,-1,-2.0741854551305963,-0.7691872152094734
0,S35,Rolled,-1,-1.7778732472547971,0.21976777577413517
1,S35,Rushed,-1,0.39508294383439946,-0.968606122856374
1,S35,Smelled,-1,1.382790303420398,0.1098838878870676
1,S35,Spun,1,0.9877073595859982,-0.4774265473713972
1,S35,Stopped,1,0,-1.5383744304189468
0,S35,Trained,-1,-0.8889366236273982,-0.3550094839428338
0,S35,Tripped,1,0.592624415751599,-1.5383744304189468
1,S35,Washed,-1,0.49385367979299927,1.2087227667577445
0,S35,Weakens,1,-0.8889366236273984,0.1591421824571324
1,S35,Worried,1,0.19754147191719965,-1.5383744304189468
1,S36,Awakened,1,-0.2963122078757994,-1.220090065504682
1,S36,Calmed,1,0.09877073595859992,-0.4102331814450526
1,S36,Choked,1,1.2840195674617974,-1.4284905425318792
1,S36,Dressed,-1,-0.592624415751599,-1.208722766757744
0,S36,Failed,-1,-0.9877073595859984,0.1098838878870676
1,S36,Groomed,-1,-1.086478095544598,0.9889549909836086
1,S36,Healed,-1,0.0987707359585998,-0.3713317590666424
1,S36,Hides,-1,0.6913951517101986,-0.1591421824571324
0,S36,Improved,1,0.09877073595859984,0.8204663628901052
1,S36,Lifts,-1,1.679102511296197,1.3332578396964208
1,S36,Lost,-1,-0.3950829438343993,1.007900488895172
1,S36,Missed,1,1.4815610393789973,1.3186066546448116
1,S36,Moved,1,1.4815610393789975,-1.3332578396964208
1,S36,Recovered,1,-2.0741854551305963,-0.7691872152094734
1,S36,Rolled,1,-1.7778732472547971,0.21976777577413517
0,S36,Rushed,1,0.39508294383439946,-0.968606122856374
1,S36,Smelled,1,1.382790303420398,0.1098838878870676
1,S36,Spun,-1,0.9877073595859982,-0.4774265473713972
1,S36,Stopped,-1,0,-1.5383744304189468
1,S36,Trained,1,-0.8889366236273982,-0.3550094839428338
1,S36,Tripped,-1,0.592624415751599,-1.5383744304189468
1,S36,Washed,1,0.49385367979299927,1.2087227667577445
1,S36,Weakens,-1,-0.8889366236273984,0.1591421824571324
1,S36,Worried,-1,0.19754147191719965,-1.5383744304189468
1,S37,Awakened,-1,-0.2963122078757994,-1.220090065504682
1,S37,Calmed,-1,0.09877073595859992,-0.4102331814450526
1,S37,Choked,-1,1.2840195674617974,-1.4284905425318792
1,S37,Dressed,1,-0.592624415751599,-1.208722766757744
1,S37,Failed,1,-0.9877073595859984,0.1098838878870676
1,S37,Groomed,1,-1.086478095544598,0.9889549909836086
1,S37,Healed,1,0.0987707359585998,-0.3713317590666424
0,S37,Hides,1,0.6913951517101986,-0.1591421824571324
1,S37,Improved,-1,0.09877073595859984,0.8204663628901052
1,S37,Lifts,1,1.679102511296197,1.3332578396964208
1,S37,Lost,1,-0.3950829438343993,1.007900488895172
1,S37,Missed,-1,1.4815610393789973,1.3186066546448116
1,S37,Moved,-1,1.4815610393789975,-1.3332578396964208
1,S37,Recovered,-1,-2.0741854551305963,-0.7691872152094734
1,S37,Rolled,-1,-1.7778732472547971,0.21976777577413517
1,S37,Rushed,-1,0.39508294383439946,-0.968606122856374
1,S37,Smelled,-1,1.382790303420398,0.1098838878870676
1,S37,Spun,1,0.9877073595859982,-0.4774265473713972
1,S37,Stopped,1,0,-1.5383744304189468
1,S37,Trained,-1,-0.8889366236273982,-0.3550094839428338
1,S37,Tripped,1,0.592624415751599,-1.5383744304189468
1,S37,Washed,-1,0.49385367979299927,1.2087227667577445
0,S37,Weakens,1,-0.8889366236273984,0.1591421824571324
1,S37,Worried,1,0.19754147191719965,-1.5383744304189468
1,S38,Awakened,1,-0.2963122078757994,-1.220090065504682
1,S38,Calmed,1,0.09877073595859992,-0.4102331814450526
1,S38,Choked,1,1.2840195674617974,-1.4284905425318792
1,S38,Dressed,-1,-0.592624415751599,-1.208722766757744
1,S38,Failed,-1,-0.9877073595859984,0.1098838878870676
0,S38,Groomed,-1,-1.086478095544598,0.9889549909836086
1,S38,Healed,-1,0.0987707359585998,-0.3713317590666424
1,S38,Hides,-1,0.6913951517101986,-0.1591421824571324
0,S38,Improved,1,0.09877073595859984,0.8204663628901052
1,S38,Lifts,-1,1.679102511296197,1.3332578396964208
1,S38,Lost,-1,-0.3950829438343993,1.007900488895172
1,S38,Missed,1,1.4815610393789973,1.3186066546448116
1,S38,Moved,1,1.4815610393789975,-1.3332578396964208
1,S38,Rolled,1,-1.7778732472547971,0.21976777577413517
1,S38,Rushed,1,0.39508294383439946,-0.968606122856374
1,S38,Smelled,1,1.382790303420398,0.1098838878870676
1,S38,Spun,-1,0.9877073595859982,-0.4774265473713972
1,S38,Stopped,-1,0,-1.5383744304189468
1,S38,Trained,1,-0.8889366236273982,-0.3550094839428338
1,S38,Tripped,-1,0.592624415751599,-1.5383744304189468
1,S38,Washed,1,0.49385367979299927,1.2087227667577445
1,S38,Worried,-1,0.19754147191719965,-1.5383744304189468
1,S39,Awakened,-1,-0.2963122078757994,-1.220090065504682
1,S39,Calmed,-1,0.09877073595859992,-0.4102331814450526
1,S39,Choked,-1,1.2840195674617974,-1.4284905425318792
1,S39,Dressed,1,-0.592624415751599,-1.208722766757744
1,S39,Failed,1,-0.9877073595859984,0.1098838878870676
1,S39,Groomed,1,-1.086478095544598,0.9889549909836086
1,S39,Healed,1,0.0987707359585998,-0.3713317590666424
1,S39,Hides,1,0.6913951517101986,-0.1591421824571324
1,S39,Improved,-1,0.09877073595859984,0.8204663628901052
1,S39,Lifts,1,1.679102511296197,1.3332578396964208
1,S39,Lost,1,-0.3950829438343993,1.007900488895172
1,S39,Missed,-1,1.4815610393789973,1.3186066546448116
1,S39,Moved,-1,1.4815610393789975,-1.3332578396964208
1,S39,Recovered,-1,-2.0741854551305963,-0.7691872152094734
0,S39,Rolled,-1,-1.7778732472547971,0.21976777577413517
1,S39,Rushed,-1,0.39508294383439946,-0.968606122856374
1,S39,Smelled,-1,1.382790303420398,0.1098838878870676
1,S39,Spun,1,0.9877073595859982,-0.4774265473713972
1,S39,Stopped,1,0,-1.5383744304189468
0,S39,Trained,-1,-0.8889366236273982,-0.3550094839428338
1,S39,Tripped,1,0.592624415751599,-1.5383744304189468
1,S39,Washed,-1,0.49385367979299927,1.2087227667577445
1,S39,Weakens,1,-0.8889366236273984,0.1591421824571324
1,S39,Worried,1,0.19754147191719965,-1.5383744304189468
1,S40,Awakened,1,-0.2963122078757994,-1.220090065504682
1,S40,Calmed,1,0.09877073595859992,-0.4102331814450526
1,S40,Choked,1,1.2840195674617974,-1.4284905425318792
1,S40,Dressed,-1,-0.592624415751599,-1.208722766757744
1,S40,Failed,-1,-0.9877073595859984,0.1098838878870676
1,S40,Groomed,-1,-1.086478095544598,0.9889549909836086
1,S40,Healed,-1,0.0987707359585998,-0.3713317590666424
1,S40,Hides,-1,0.6913951517101986,-0.1591421824571324
1,S40,Improved,1,0.09877073595859984,0.8204663628901052
1,S40,Lifts,-1,1.679102511296197,1.3332578396964208
1,S40,Lost,-1,-0.3950829438343993,1.007900488895172
1,S40,Missed,1,1.4815610393789973,1.3186066546448116
1,S40,Moved,1,1.4815610393789975,-1.3332578396964208
1,S40,Recovered,1,-2.0741854551305963,-0.7691872152094734
0,S40,Rolled,1,-1.7778732472547971,0.21976777577413517
0,S40,Rushed,1,0.39508294383439946,-0.968606122856374
1,S40,Smelled,1,1.382790303420398,0.1098838878870676
1,S40,Spun,-1,0.9877073595859982,-0.4774265473713972
1,S40,Stopped,-1,0,-1.5383744304189468
1,S40,Trained,1,-0.8889366236273982,-0.3550094839428338
1,S40,Tripped,-1,0.592624415751599,-1.5383744304189468
1,S40,Washed,1,0.49385367979299927,1.2087227667577445
0,S40,Weakens,-1,-0.8889366236273984,0.1591421824571324
1,S40,Worried,-1,0.19754147191719965,-1.5383744304189468
1,S41,Awakened,-1,-0.2963122078757994,-1.220090065504682
1,S41,Calmed,-1,0.09877073595859992,-0.4102331814450526
1,S41,Choked,-1,1.2840195674617974,-1.4284905425318792
1,S41,Dressed,1,-0.592624415751599,-1.208722766757744
0,S41,Failed,1,-0.9877073595859984,0.1098838878870676
1,S41,Groomed,1,-1.086478095544598,0.9889549909836086
1,S41,Healed,1,0.0987707359585998,-0.3713317590666424
1,S41,Improved,-1,0.09877073595859984,0.8204663628901052
1,S41,Lost,1,-0.3950829438343993,1.007900488895172
1,S41,Missed,-1,1.4815610393789973,1.3186066546448116
1,S41,Moved,-1,1.4815610393789975,-1.3332578396964208
1,S41,Recovered,-1,-2.0741854551305963,-0.7691872152094734
1,S41,Rolled,-1,-1.7778732472547971,0.21976777577413517
0,S41,Rushed,-1,0.39508294383439946,-0.968606122856374
1,S41,Smelled,-1,1.382790303420398,0.1098838878870676
1,S41,Spun,1,0.9877073595859982,-0.4774265473713972
1,S41,Stopped,1,0,-1.5383744304189468
0,S41,Trained,-1,-0.8889366236273982,-0.3550094839428338
1,S41,Tripped,1,0.592624415751599,-1.5383744304189468
1,S41,Washed,-1,0.49385367979299927,1.2087227667577445
1,S41,Weakens,1,-0.8889366236273984,0.1591421824571324
1,S41,Worried,1,0.19754147191719965,-1.5383744304189468
1,S42,Awakened,-1,-0.2963122078757994,-1.220090065504682
1,S42,Calmed,-1,0.09877073595859992,-0.4102331814450526
1,S42,Choked,-1,1.2840195674617974,-1.4284905425318792
0,S42,Dressed,1,-0.592624415751599,-1.208722766757744
1,S42,Failed,1,-0.9877073595859984,0.1098838878870676
0,S42,Groomed,1,-1.086478095544598,0.9889549909836086
1,S42,Healed,1,0.0987707359585998,-0.3713317590666424
1,S42,Hides,1,0.6913951517101986,-0.1591421824571324
1,S42,Improved,-1,0.09877073595859984,0.8204663628901052
1,S42,Lifts,1,1.679102511296197,1.3332578396964208
1,S42,Lost,1,-0.3950829438343993,1.007900488895172
1,S42,Missed,-1,1.4815610393789973,1.3186066546448116
1,S42,Moved,-1,1.4815610393789975,-1.3332578396964208
1,S42,Recovered,-1,-2.0741854551305963,-0.7691872152094734
1,S42,Rolled,-1,-1.7778732472547971,0.21976777577413517
1,S42,Rushed,-1,0.39508294383439946,-0.968606122856374
1,S42,Smelled,-1,1.382790303420398,0.1098838878870676
1,S42,Spun,1,0.9877073595859982,-0.4774265473713972
1,S42,Stopped,1,0,-1.5383744304189468
1,S42,Trained,-1,-0.8889366236273982,-0.3550094839428338
1,S42,Tripped,1,0.592624415751599,-1.5383744304189468
1,S42,Washed,-1,0.49385367979299927,1.2087227667577445
1,S42,Weakens,1,-0.8889366236273984,0.1591421824571324
1,S42,Worried,1,0.19754147191719965,-1.5383744304189468
1,S43,Awakened,-1,-0.2963122078757994,-1.220090065504682
1,S43,Calmed,-1,0.09877073595859992,-0.4102331814450526
1,S43,Choked,-1,1.2840195674617974,-1.4284905425318792
1,S43,Dressed,1,-0.592624415751599,-1.208722766757744
0,S43,Failed,1,-0.9877073595859984,0.1098838878870676
1,S43,Groomed,1,-1.086478095544598,0.9889549909836086
1,S43,Healed,1,0.0987707359585998,-0.3713317590666424
1,S43,Hides,1,0.6913951517101986,-0.1591421824571324
1,S43,Improved,-1,0.09877073595859984,0.8204663628901052
1,S43,Lifts,1,1.679102511296197,1.3332578396964208
1,S43,Lost,1,-0.3950829438343993,1.007900488895172
1,S43,Missed,-1,1.4815610393789973,1.3186066546448116
1,S43,Moved,-1,1.4815610393789975,-1.3332578396964208
1,S43,Recovered,-1,-2.0741854551305963,-0.7691872152094734
0,S43,Rolled,-1,-1.7778732472547971,0.21976777577413517
0,S43,Rushed,-1,0.39508294383439946,-0.968606122856374
1,S43,Smelled,-1,1.382790303420398,0.1098838878870676
1,S43,Spun,1,0.9877073595859982,-0.4774265473713972
1,S43,Stopped,1,0,-1.5383744304189468
1,S43,Trained,-1,-0.8889366236273982,-0.3550094839428338
1,S43,Tripped,1,0.592624415751599,-1.5383744304189468
0,S43,Washed,-1,0.49385367979299927,1.2087227667577445
0,S43,Weakens,1,-0.8889366236273984,0.1591421824571324
1,S43,Worried,1,0.19754147191719965,-1.5383744304189468
1,S44,Awakened,-1,-0.2963122078757994,-1.220090065504682
0,S44,Calmed,-1,0.09877073595859992,-0.4102331814450526
1,S44,Choked,-1,1.2840195674617974,-1.4284905425318792
1,S44,Dressed,1,-0.592624415751599,-1.208722766757744
1,S44,Failed,1,-0.9877073595859984,0.1098838878870676
0,S44,Groomed,1,-1.086478095544598,0.9889549909836086
1,S44,Healed,1,0.0987707359585998,-0.3713317590666424
1,S44,Hides,1,0.6913951517101986,-0.1591421824571324
0,S44,Improved,-1,0.09877073595859984,0.8204663628901052
1,S44,Lifts,1,1.679102511296197,1.3332578396964208
0,S44,Lost,1,-0.3950829438343993,1.007900488895172
1,S44,Missed,-1,1.4815610393789973,1.3186066546448116
1,S44,Moved,-1,1.4815610393789975,-1.3332578396964208
1,S44,Recovered,-1,-2.0741854551305963,-0.7691872152094734
1,S44,Rolled,-1,-1.7778732472547971,0.21976777577413517
1,S44,Rushed,-1,0.39508294383439946,-0.968606122856374
1,S44,Smelled,-1,1.382790303420398,0.1098838878870676
1,S44,Spun,1,0.9877073595859982,-0.4774265473713972
0,S44,Stopped,1,0,-1.5383744304189468
1,S44,Trained,-1,-0.8889366236273982,-0.3550094839428338
0,S44,Tripped,1,0.592624415751599,-1.5383744304189468
0,S44,Washed,-1,0.49385367979299927,1.2087227667577445
0,S44,Weakens,1,-0.8889366236273984,0.1591421824571324
0,S44,Worried,1,0.19754147191719965,-1.5383744304189468
1,S45,Awakened,-1,-0.2963122078757994,-1.220090065504682
1,S45,Calmed,-1,0.09877073595859992,-0.4102331814450526
0,S45,Choked,-1,1.2840195674617974,-1.4284905425318792
1,S45,Dressed,1,-0.592624415751599,-1.208722766757744
0,S45,Failed,1,-0.9877073595859984,0.1098838878870676
0,S45,Groomed,1,-1.086478095544598,0.9889549909836086
0,S45,Healed,1,0.0987707359585998,-0.3713317590666424
1,S45,Hides,1,0.6913951517101986,-0.1591421824571324
0,S45,Improved,-1,0.09877073595859984,0.8204663628901052
1,S45,Lifts,1,1.679102511296197,1.3332578396964208
1,S45,Lost,1,-0.3950829438343993,1.007900488895172
1,S45,Missed,-1,1.4815610393789973,1.3186066546448116
1,S45,Moved,-1,1.4815610393789975,-1.3332578396964208
0,S45,Recovered,-1,-2.0741854551305963,-0.7691872152094734
0,S45,Rolled,-1,-1.7778732472547971,0.21976777577413517
0,S45,Rushed,-1,0.39508294383439946,-0.968606122856374
1,S45,Smelled,-1,1.382790303420398,0.1098838878870676
0,S45,Spun,1,0.9877073595859982,-0.4774265473713972
0,S45,Stopped,1,0,-1.5383744304189468
1,S45,Trained,-1,-0.8889366236273982,-0.3550094839428338
1,S45,Tripped,1,0.592624415751599,-1.5383744304189468
0,S45,Washed,-1,0.49385367979299927,1.2087227667577445
0,S45,Weakens,1,-0.8889366236273984,0.1591421824571324
1,S45,Worried,1,0.19754147191719965,-1.5383744304189468
1,S46,Awakened,-1,-0.2963122078757994,-1.220090065504682
1,S46,Calmed,-1,0.09877073595859992,-0.4102331814450526
0,S46,Choked,-1,1.2840195674617974,-1.4284905425318792
1,S46,Dressed,1,-0.592624415751599,-1.208722766757744
1,S46,Failed,1,-0.9877073595859984,0.1098838878870676
1,S46,Groomed,1,-1.086478095544598,0.9889549909836086
1,S46,Healed,1,0.0987707359585998,-0.3713317590666424
1,S46,Hides,1,0.6913951517101986,-0.1591421824571324
0,S46,Improved,-1,0.09877073595859984,0.8204663628901052
1,S46,Lifts,1,1.679102511296197,1.3332578396964208
1,S46,Lost,1,-0.3950829438343993,1.007900488895172
1,S46,Missed,-1,1.4815610393789973,1.3186066546448116
0,S46,Moved,-1,1.4815610393789975,-1.3332578396964208
1,S46,Recovered,-1,-2.0741854551305963,-0.7691872152094734
0,S46,Rolled,-1,-1.7778732472547971,0.21976777577413517
1,S46,Rushed,-1,0.39508294383439946,-0.968606122856374
1,S46,Smelled,-1,1.382790303420398,0.1098838878870676
1,S46,Spun,1,0.9877073595859982,-0.4774265473713972
1,S46,Stopped,1,0,-1.5383744304189468
1,S46,Trained,-1,-0.8889366236273982,-0.3550094839428338
0,S46,Tripped,1,0.592624415751599,-1.5383744304189468
1,S46,Washed,-1,0.49385367979299927,1.2087227667577445
0,S46,Weakens,1,-0.8889366236273984,0.1591421824571324
1,S46,Worried,1,0.19754147191719965,-1.5383744304189468
1,S47,Awakened,-1,-0.2963122078757994,-1.220090065504682
1,S47,Calmed,-1,0.09877073595859992,-0.4102331814450526
0,S47,Choked,-1,1.2840195674617974,-1.4284905425318792
1,S47,Dressed,1,-0.592624415751599,-1.208722766757744
1,S47,Failed,1,-0.9877073595859984,0.1098838878870676
0,S47,Groomed,1,-1.086478095544598,0.9889549909836086
1,S47,Healed,1,0.0987707359585998,-0.3713317590666424
1,S47,Hides,1,0.6913951517101986,-0.1591421824571324
1,S47,Improved,-1,0.09877073595859984,0.8204663628901052
1,S47,Lifts,1,1.679102511296197,1.3332578396964208
1,S47,Lost,1,-0.3950829438343993,1.007900488895172
1,S47,Missed,-1,1.4815610393789973,1.3186066546448116
1,S47,Moved,-1,1.4815610393789975,-1.3332578396964208
1,S47,Recovered,-1,-2.0741854551305963,-0.7691872152094734
0,S47,Rolled,-1,-1.7778732472547971,0.21976777577413517
1,S47,Rushed,-1,0.39508294383439946,-0.968606122856374
1,S47,Smelled,-1,1.382790303420398,0.1098838878870676
1,S47,Spun,1,0.9877073595859982,-0.4774265473713972
1,S47,Stopped,1,0,-1.5383744304189468
0,S47,Trained,-1,-0.8889366236273982,-0.3550094839428338
0,S47,Tripped,1,0.592624415751599,-1.5383744304189468
1,S47,Washed,-1,0.49385367979299927,1.2087227667577445
0,S47,Weakens,1,-0.8889366236273984,0.1591421824571324
1,S47,Worried,1,0.19754147191719965,-1.5383744304189468
1,S48,Awakened,-1,-0.2963122078757994,-1.220090065504682
0,S48,Calmed,-1,0.09877073595859992,-0.4102331814450526
0,S48,Choked,-1,1.2840195674617974,-1.4284905425318792
1,S48,Dressed,1,-0.592624415751599,-1.208722766757744
1,S48,Failed,1,-0.9877073595859984,0.1098838878870676
0,S48,Groomed,1,-1.086478095544598,0.9889549909836086
1,S48,Healed,1,0.0987707359585998,-0.3713317590666424
1,S48,Hides,1,0.6913951517101986,-0.1591421824571324
0,S48,Improved,-1,0.09877073595859984,0.8204663628901052
1,S48,Lifts,1,1.679102511296197,1.3332578396964208
1,S48,Lost,1,-0.3950829438343993,1.007900488895172
1,S48,Missed,-1,1.4815610393789973,1.3186066546448116
1,S48,Moved,-1,1.4815610393789975,-1.3332578396964208
0,S48,Recovered,-1,-2.0741854551305963,-0.7691872152094734
1,S48,Rolled,-1,-1.7778732472547971,0.21976777577413517
0,S48,Rushed,-1,0.39508294383439946,-0.968606122856374
0,S48,Smelled,-1,1.382790303420398,0.1098838878870676
1,S48,Spun,1,0.9877073595859982,-0.4774265473713972
1,S48,Stopped,1,0,-1.5383744304189468
1,S48,Trained,-1,-0.8889366236273982,-0.3550094839428338
1,S48,Tripped,1,0.592624415751599,-1.5383744304189468
0,S48,Washed,-1,0.49385367979299927,1.2087227667577445
0,S48,Weakens,1,-0.8889366236273984,0.1591421824571324
1,S48,Worried,1,0.19754147191719965,-1.5383744304189468
1,S49,Awakened,-1,-0.2963122078757994,-1.220090065504682
1,S49,Calmed,-1,0.09877073595859992,-0.4102331814450526
1,S49,Choked,-1,1.2840195674617974,-1.4284905425318792
1,S49,Dressed,1,-0.592624415751599,-1.208722766757744
1,S49,Failed,1,-0.9877073595859984,0.1098838878870676
1,S49,Groomed,1,-1.086478095544598,0.9889549909836086
1,S49,Healed,1,0.0987707359585998,-0.3713317590666424
0,S49,Hides,1,0.6913951517101986,-0.1591421824571324
1,S49,Improved,-1,0.09877073595859984,0.8204663628901052
1,S49,Lifts,1,1.679102511296197,1.3332578396964208
1,S49,Lost,1,-0.3950829438343993,1.007900488895172
1,S49,Missed,-1,1.4815610393789973,1.3186066546448116
1,S49,Moved,-1,1.4815610393789975,-1.3332578396964208
1,S49,Recovered,-1,-2.0741854551305963,-0.7691872152094734
1,S49,Rolled,-1,-1.7778732472547971,0.21976777577413517
1,S49,Rushed,-1,0.39508294383439946,-0.968606122856374
1,S49,Smelled,-1,1.382790303420398,0.1098838878870676
1,S49,Spun,1,0.9877073595859982,-0.4774265473713972
1,S49,Stopped,1,0,-1.5383744304189468
1,S49,Trained,-1,-0.8889366236273982,-0.3550094839428338
1,S49,Tripped,1,0.592624415751599,-1.5383744304189468
0,S49,Washed,-1,0.49385367979299927,1.2087227667577445
1,S49,Weakens,1,-0.8889366236273984,0.1591421824571324
1,S49,Worried,1,0.19754147191719965,-1.5383744304189468
1,S50,Awakened,1,-0.2963122078757994,-1.220090065504682
1,S50,Calmed,1,0.09877073595859992,-0.4102331814450526
0,S50,Choked,1,1.2840195674617974,-1.4284905425318792
0,S50,Dressed,-1,-0.592624415751599,-1.208722766757744
0,S50,Failed,-1,-0.9877073595859984,0.1098838878870676
1,S50,Groomed,-1,-1.086478095544598,0.9889549909836086
1,S50,Healed,-1,0.0987707359585998,-0.3713317590666424
1,S50,Hides,-1,0.6913951517101986,-0.1591421824571324
0,S50,Improved,1,0.09877073595859984,0.8204663628901052
1,S50,Lifts,-1,1.679102511296197,1.3332578396964208
1,S50,Lost,-1,-0.3950829438343993,1.007900488895172
1,S50,Missed,1,1.4815610393789973,1.3186066546448116
1,S50,Moved,1,1.4815610393789975,-1.3332578396964208
1,S50,Recovered,1,-2.0741854551305963,-0.7691872152094734
1,S50,Rolled,1,-1.7778732472547971,0.21976777577413517
1,S50,Rushed,1,0.39508294383439946,-0.968606122856374
1,S50,Smelled,1,1.382790303420398,0.1098838878870676
0,S50,Spun,-1,0.9877073595859982,-0.4774265473713972
1,S50,Stopped,-1,0,-1.5383744304189468
0,S50,Trained,1,-0.8889366236273982,-0.3550094839428338
1,S50,Tripped,-1,0.592624415751599,-1.5383744304189468
0,S50,Washed,1,0.49385367979299927,1.2087227667577445
1,S50,Weakens,-1,-0.8889366236273984,0.1591421824571324
1,S50,Worried,-1,0.19754147191719965,-1.5383744304189468
1,S51,Awakened,1,-0.2963122078757994,-1.220090065504682
1,S51,Calmed,1,0.09877073595859992,-0.4102331814450526
1,S51,Choked,1,1.2840195674617974,-1.4284905425318792
1,S51,Dressed,-1,-0.592624415751599,-1.208722766757744
1,S51,Failed,-1,-0.9877073595859984,0.1098838878870676
1,S51,Groomed,-1,-1.086478095544598,0.9889549909836086
1,S51,Healed,-1,0.0987707359585998,-0.3713317590666424
1,S51,Hides,-1,0.6913951517101986,-0.1591421824571324
1,S51,Improved,1,0.09877073595859984,0.8204663628901052
1,S51,Lifts,-1,1.679102511296197,1.3332578396964208
1,S51,Lost,-1,-0.3950829438343993,1.007900488895172
1,S51,Missed,1,1.4815610393789973,1.3186066546448116
0,S51,Moved,1,1.4815610393789975,-1.3332578396964208
1,S51,Recovered,1,-2.0741854551305963,-0.7691872152094734
1,S51,Rolled,1,-1.7778732472547971,0.21976777577413517
0,S51,Rushed,1,0.39508294383439946,-0.968606122856374
1,S51,Smelled,1,1.382790303420398,0.1098838878870676
1,S51,Spun,-1,0.9877073595859982,-0.4774265473713972
0,S51,Stopped,-1,0,-1.5383744304189468
1,S51,Tripped,-1,0.592624415751599,-1.5383744304189468
0,S51,Washed,1,0.49385367979299927,1.2087227667577445
0,S51,Weakens,-1,-0.8889366236273984,0.1591421824571324
1,S51,Worried,-1,0.19754147191719965,-1.5383744304189468
1,S52,Awakened,-1,-0.2963122078757994,-1.220090065504682
1,S52,Calmed,-1,0.09877073595859992,-0.4102331814450526
1,S52,Choked,-1,1.2840195674617974,-1.4284905425318792
1,S52,Dressed,1,-0.592624415751599,-1.208722766757744
1,S52,Failed,1,-0.9877073595859984,0.1098838878870676
0,S52,Groomed,1,-1.086478095544598,0.9889549909836086
1,S52,Healed,1,0.0987707359585998,-0.3713317590666424
0,S52,Hides,1,0.6913951517101986,-0.1591421824571324
1,S52,Improved,-1,0.09877073595859984,0.8204663628901052
1,S52,Lifts,1,1.679102511296197,1.3332578396964208
1,S52,Lost,1,-0.3950829438343993,1.007900488895172
1,S52,Missed,-1,1.4815610393789973,1.3186066546448116
1,S52,Moved,-1,1.4815610393789975,-1.3332578396964208
1,S52,Recovered,-1,-2.0741854551305963,-0.7691872152094734
1,S52,Rolled,-1,-1.7778732472547971,0.21976777577413517
1,S52,Rushed,-1,0.39508294383439946,-0.968606122856374
1,S52,Smelled,-1,1.382790303420398,0.1098838878870676
1,S52,Spun,1,0.9877073595859982,-0.4774265473713972
1,S52,Stopped,1,0,-1.5383744304189468
1,S52,Trained,-1,-0.8889366236273982,-0.3550094839428338
1,S52,Washed,-1,0.49385367979299927,1.2087227667577445
0,S52,Weakens,1,-0.8889366236273984,0.1591421824571324
1,S52,Worried,1,0.19754147191719965,-1.5383744304189468
1,S53,Awakened,1,-0.2963122078757994,-1.220090065504682
1,S53,Calmed,1,0.09877073595859992,-0.4102331814450526
1,S53,Choked,1,1.2840195674617974,-1.4284905425318792
1,S53,Dressed,-1,-0.592624415751599,-1.208722766757744
1,S53,Failed,-1,-0.9877073595859984,0.1098838878870676
1,S53,Groomed,-1,-1.086478095544598,0.9889549909836086
1,S53,Healed,-1,0.0987707359585998,-0.3713317590666424
1,S53,Hides,-1,0.6913951517101986,-0.1591421824571324
0,S53,Improved,1,0.09877073595859984,0.8204663628901052
1,S53,Lifts,-1,1.679102511296197,1.3332578396964208
1,S53,Lost,-1,-0.3950829438343993,1.007900488895172
1,S53,Missed,1,1.4815610393789973,1.3186066546448116
1,S53,Moved,1,1.4815610393789975,-1.3332578396964208
0,S53,Recovered,1,-2.0741854551305963,-0.7691872152094734
0,S53,Rolled,1,-1.7778732472547971,0.21976777577413517
1,S53,Rushed,1,0.39508294383439946,-0.968606122856374
1,S53,Smelled,1,1.382790303420398,0.1098838878870676
0,S53,Spun,-1,0.9877073595859982,-0.4774265473713972
0,S53,Stopped,-1,0,-1.5383744304189468
1,S53,Trained,1,-0.8889366236273982,-0.3550094839428338
1,S53,Tripped,-1,0.592624415751599,-1.5383744304189468
0,S53,Washed,1,0.49385367979299927,1.2087227667577445
1,S53,Weakens,-1,-0.8889366236273984,0.1591421824571324
1,S53,Worried,-1,0.19754147191719965,-1.5383744304189468
1,S54,Awakened,-1,-0.2963122078757994,-1.220090065504682
1,S54,Calmed,-1,0.09877073595859992,-0.4102331814450526
1,S54,Choked,-1,1.2840195674617974,-1.4284905425318792
0,S54,Dressed,1,-0.592624415751599,-1.208722766757744
0,S54,Failed,1,-0.9877073595859984,0.1098838878870676
1,S54,Groomed,1,-1.086478095544598,0.9889549909836086
0,S54,Healed,1,0.0987707359585998,-0.3713317590666424
0,S54,Hides,1,0.6913951517101986,-0.1591421824571324
0,S54,Improved,-1,0.09877073595859984,0.8204663628901052
1,S54,Lifts,1,1.679102511296197,1.3332578396964208
0,S54,Lost,1,-0.3950829438343993,1.007900488895172
0,S54,Missed,-1,1.4815610393789973,1.3186066546448116
1,S54,Recovered,-1,-2.0741854551305963,-0.7691872152094734
1,S54,Rolled,-1,-1.7778732472547971,0.21976777577413517
0,S54,Rushed,-1,0.39508294383439946,-0.968606122856374
1,S54,Smelled,-1,1.382790303420398,0.1098838878870676
1,S54,Spun,1,0.9877073595859982,-0.4774265473713972
0,S54,Stopped,1,0,-1.5383744304189468
1,S54,Trained,-1,-0.8889366236273982,-0.3550094839428338
0,S54,Tripped,1,0.592624415751599,-1.5383744304189468
1,S54,Washed,-1,0.49385367979299927,1.2087227667577445
1,S54,Weakens,1,-0.8889366236273984,0.1591421824571324
0,S54,Worried,1,0.19754147191719965,-1.5383744304189468
1,S55,Awakened,1,-0.2963122078757994,-1.220090065504682
1,S55,Calmed,1,0.09877073595859992,-0.4102331814450526
1,S55,Choked,1,1.2840195674617974,-1.4284905425318792
1,S55,Dressed,-1,-0.592624415751599,-1.208722766757744
1,S55,Failed,-1,-0.9877073595859984,0.1098838878870676
1,S55,Groomed,-1,-1.086478095544598,0.9889549909836086
0,S55,Healed,-1,0.0987707359585998,-0.3713317590666424
1,S55,Hides,-1,0.6913951517101986,-0.1591421824571324
0,S55,Improved,1,0.09877073595859984,0.8204663628901052
1,S55,Lifts,-1,1.679102511296197,1.3332578396964208
1,S55,Lost,-1,-0.3950829438343993,1.007900488895172
1,S55,Missed,1,1.4815610393789973,1.3186066546448116
1,S55,Moved,1,1.4815610393789975,-1.3332578396964208
1,S55,Recovered,1,-2.0741854551305963,-0.7691872152094734
1,S55,Rolled,1,-1.7778732472547971,0.21976777577413517
1,S55,Rushed,1,0.39508294383439946,-0.968606122856374
1,S55,Smelled,1,1.382790303420398,0.1098838878870676
0,S55,Spun,-1,0.9877073595859982,-0.4774265473713972
1,S55,Stopped,-1,0,-1.5383744304189468
1,S55,Trained,1,-0.8889366236273982,-0.3550094839428338
1,S55,Tripped,-1,0.592624415751599,-1.5383744304189468
1,S55,Washed,1,0.49385367979299927,1.2087227667577445
0,S55,Weakens,-1,-0.8889366236273984,0.1591421824571324
1,S55,Worried,-1,0.19754147191719965,-1.5383744304189468
1,S56,Awakened,-1,-0.2963122078757994,-1.220090065504682
1,S56,Calmed,-1,0.09877073595859992,-0.4102331814450526
1,S56,Choked,-1,1.2840195674617974,-1.4284905425318792
1,S56,Dressed,1,-0.592624415751599,-1.208722766757744
1,S56,Failed,1,-0.9877073595859984,0.1098838878870676
0,S56,Groomed,1,-1.086478095544598,0.9889549909836086
1,S56,Healed,1,0.0987707359585998,-0.3713317590666424
1,S56,Hides,1,0.6913951517101986,-0.1591421824571324
0,S56,Improved,-1,0.09877073595859984,0.8204663628901052
1,S56,Lifts,1,1.679102511296197,1.3332578396964208
1,S56,Lost,1,-0.3950829438343993,1.007900488895172
1,S56,Missed,-1,1.4815610393789973,1.3186066546448116
1,S56,Moved,-1,1.4815610393789975,-1.3332578396964208
1,S56,Recovered,-1,-2.0741854551305963,-0.7691872152094734
1,S56,Rolled,-1,-1.7778732472547971,0.21976777577413517
1,S56,Rushed,-1,0.39508294383439946,-0.968606122856374
1,S56,Smelled,-1,1.382790303420398,0.1098838878870676
1,S56,Spun,1,0.9877073595859982,-0.4774265473713972
1,S56,Stopped,1,0,-1.5383744304189468
1,S56,Trained,-1,-0.8889366236273982,-0.3550094839428338
1,S56,Tripped,1,0.592624415751599,-1.5383744304189468
1,S56,Washed,-1,0.49385367979299927,1.2087227667577445
1,S56,Weakens,1,-0.8889366236273984,0.1591421824571324
1,S56,Worried,1,0.19754147191719965,-1.5383744304189468
1,S57,Awakened,-1,-0.2963122078757994,-1.220090065504682
1,S57,Calmed,-1,0.09877073595859992,-0.4102331814450526
1,S57,Choked,-1,1.2840195674617974,-1.4284905425318792
1,S57,Dressed,1,-0.592624415751599,-1.208722766757744
0,S57,Failed,1,-0.9877073595859984,0.1098838878870676
1,S57,Groomed,1,-1.086478095544598,0.9889549909836086
1,S57,Healed,1,0.0987707359585998,-0.3713317590666424
1,S57,Hides,1,0.6913951517101986,-0.1591421824571324
1,S57,Improved,-1,0.09877073595859984,0.8204663628901052
0,S57,Lifts,1,1.679102511296197,1.3332578396964208
1,S57,Lost,1,-0.3950829438343993,1.007900488895172
1,S57,Missed,-1,1.4815610393789973,1.3186066546448116
1,S57,Moved,-1,1.4815610393789975,-1.3332578396964208
1,S57,Recovered,-1,-2.0741854551305963,-0.7691872152094734
1,S57,Rolled,-1,-1.7778732472547971,0.21976777577413517
1,S57,Rushed,-1,0.39508294383439946,-0.968606122856374
1,S57,Smelled,-1,1.382790303420398,0.1098838878870676
1,S57,Spun,1,0.9877073595859982,-0.4774265473713972
1,S57,Stopped,1,0,-1.5383744304189468
1,S57,Trained,-1,-0.8889366236273982,-0.3550094839428338
1,S57,Tripped,1,0.592624415751599,-1.5383744304189468
1,S57,Washed,-1,0.49385367979299927,1.2087227667577445
1,S57,Weakens,1,-0.8889366236273984,0.1591421824571324
1,S57,Worried,1,0.19754147191719965,-1.5383744304189468
1,S58,Awakened,1,-0.2963122078757994,-1.220090065504682
1,S58,Calmed,1,0.09877073595859992,-0.4102331814450526
1,S58,Choked,1,1.2840195674617974,-1.4284905425318792
1,S58,Dressed,-1,-0.592624415751599,-1.208722766757744
0,S58,Failed,-1,-0.9877073595859984,0.1098838878870676
1,S58,Groomed,-1,-1.086478095544598,0.9889549909836086
1,S58,Healed,-1,0.0987707359585998,-0.3713317590666424
1,S58,Hides,-1,0.6913951517101986,-0.1591421824571324
1,S58,Improved,1,0.09877073595859984,0.8204663628901052
1,S58,Lifts,-1,1.679102511296197,1.3332578396964208
1,S58,Lost,-1,-0.3950829438343993,1.007900488895172
1,S58,Missed,1,1.4815610393789973,1.3186066546448116
1,S58,Moved,1,1.4815610393789975,-1.3332578396964208
1,S58,Recovered,1,-2.0741854551305963,-0.7691872152094734
0,S58,Rolled,1,-1.7778732472547971,0.21976777577413517
1,S58,Rushed,1,0.39508294383439946,-0.968606122856374
1,S58,Smelled,1,1.382790303420398,0.1098838878870676
1,S58,Spun,-1,0.9877073595859982,-0.4774265473713972
1,S58,Stopped,-1,0,-1.5383744304189468
1,S58,Trained,1,-0.8889366236273982,-0.3550094839428338
1,S58,Tripped,-1,0.592624415751599,-1.5383744304189468
1,S58,Washed,1,0.49385367979299927,1.2087227667577445
0,S58,Weakens,-1,-0.8889366236273984,0.1591421824571324
1,S58,Worried,-1,0.19754147191719965,-1.5383744304189468
1,S59,Awakened,1,-0.2963122078757994,-1.220090065504682
1,S59,Calmed,1,0.09877073595859992,-0.4102331814450526
1,S59,Choked,1,1.2840195674617974,-1.4284905425318792
1,S59,Dressed,-1,-0.592624415751599,-1.208722766757744
0,S59,Failed,-1,-0.9877073595859984,0.1098838878870676
1,S59,Groomed,-1,-1.086478095544598,0.9889549909836086
1,S59,Healed,-1,0.0987707359585998,-0.3713317590666424
1,S59,Hides,-1,0.6913951517101986,-0.1591421824571324
1,S59,Improved,1,0.09877073595859984,0.8204663628901052
1,S59,Lifts,-1,1.679102511296197,1.3332578396964208
1,S59,Lost,-1,-0.3950829438343993,1.007900488895172
1,S59,Missed,1,1.4815610393789973,1.3186066546448116
0,S59,Moved,1,1.4815610393789975,-1.3332578396964208
1,S59,Recovered,1,-2.0741854551305963,-0.7691872152094734
0,S59,Rolled,1,-1.7778732472547971,0.21976777577413517
1,S59,Rushed,1,0.39508294383439946,-0.968606122856374
1,S59,Smelled,1,1.382790303420398,0.1098838878870676
1,S59,Spun,-1,0.9877073595859982,-0.4774265473713972
1,S59,Stopped,-1,0,-1.5383744304189468
1,S59,Trained,1,-0.8889366236273982,-0.3550094839428338
1,S59,Tripped,-1,0.592624415751599,-1.5383744304189468
1,S59,Washed,1,0.49385367979299927,1.2087227667577445
1,S59,Weakens,-1,-0.8889366236273984,0.1591421824571324
1,S59,Worried,-1,0.19754147191719965,-1.5383744304189468
1,S60,Awakened,-1,-0.2963122078757994,-1.220090065504682
1,S60,Calmed,-1,0.09877073595859992,-0.4102331814450526
1,S60,Choked,-1,1.2840195674617974,-1.4284905425318792
1,S60,Dressed,1,-0.592624415751599,-1.208722766757744
0,S60,Failed,1,-0.9877073595859984,0.1098838878870676
1,S60,Groomed,1,-1.086478095544598,0.9889549909836086
1,S60,Healed,1,0.0987707359585998,-0.3713317590666424
1,S60,Hides,1,0.6913951517101986,-0.1591421824571324
1,S60,Improved,-1,0.09877073595859984,0.8204663628901052
1,S60,Lifts,1,1.679102511296197,1.3332578396964208
1,S60,Lost,1,-0.3950829438343993,1.007900488895172
1,S60,Missed,-1,1.4815610393789973,1.3186066546448116
1,S60,Moved,-1,1.4815610393789975,-1.3332578396964208
1,S60,Recovered,-1,-2.0741854551305963,-0.7691872152094734
1,S60,Rolled,-1,-1.7778732472547971,0.21976777577413517
1,S60,Rushed,-1,0.39508294383439946,-0.968606122856374
1,S60,Smelled,-1,1.382790303420398,0.1098838878870676
1,S60,Spun,1,0.9877073595859982,-0.4774265473713972
1,S60,Stopped,1,0,-1.5383744304189468
1,S60,Trained,-1,-0.8889366236273982,-0.3550094839428338
1,S60,Tripped,1,0.592624415751599,-1.5383744304189468
1,S60,Washed,-1,0.49385367979299927,1.2087227667577445
1,S60,Weakens,1,-0.8889366236273984,0.1591421824571324
1,S60,Worried,1,0.19754147191719965,-1.5383744304189468
0,S61,Calmed,1,0.09877073595859992,-0.4102331814450526
1,S61,Choked,1,1.2840195674617974,-1.4284905425318792
1,S61,Dressed,-1,-0.592624415751599,-1.208722766757744
0,S61,Failed,-1,-0.9877073595859984,0.1098838878870676
1,S61,Groomed,-1,-1.086478095544598,0.9889549909836086
0,S61,Healed,-1,0.0987707359585998,-0.3713317590666424
0,S61,Improved,1,0.09877073595859984,0.8204663628901052
1,S61,Lifts,-1,1.679102511296197,1.3332578396964208
1,S61,Missed,1,1.4815610393789973,1.3186066546448116
1,S61,Moved,1,1.4815610393789975,-1.3332578396964208
0,S61,Recovered,1,-2.0741854551305963,-0.7691872152094734
0,S61,Rolled,1,-1.7778732472547971,0.21976777577413517
0,S61,Rushed,1,0.39508294383439946,-0.968606122856374
1,S61,Smelled,1,1.382790303420398,0.1098838878870676
1,S61,Spun,-1,0.9877073595859982,-0.4774265473713972
1,S61,Stopped,-1,0,-1.5383744304189468
1,S61,Trained,1,-0.8889366236273982,-0.3550094839428338
0,S61,Washed,1,0.49385367979299927,1.2087227667577445
1,S61,Weakens,-1,-0.8889366236273984,0.1591421824571324
1,S61,Worried,-1,0.19754147191719965,-1.5383744304189468
